Workbook

Sheet Overview
A1: Sheet | B1: Use | C1: Input
A2: Export | B2: Consolidate dataset with all the information used for the environmental proxy including: vessel's IMO, DWT, Type, Age, Emissions Proxy and Flag. | C2: AXS and GreenVoyage 2050
A3: Emissions proxy | B3: Individual calculation of Environmental Proxy. | C3: AXS and GreenVoyage 2050
A4: Mapping | B4: Mapping between vessel type and size. Consolidation of AXS and GreenVoyage naming of vessel's type. | C4: AXS and GreenVoyage 2050
A5: Age | B5: Constructed after retrieving the built year of all vessels since it was not available directly in only one AXS dataset. | C5: AXS
A6: Shadow Fleet | B6: Specific dataset signalling shadow vessels. Used to build the binary in the final dataset. | C6: AXS

Sheet Export
A1: Date | B1: Move | C1: IMO | D1: Name | E1: Shadow | F1: Shadow Status | G1: Dwt | H1: Segment | I1: Vessel flag | J1: ais destination | K1: Proxy of total annual CO2 emissions (based on size type and fuel consumption) | L1: Build year | M1: Proxy considering built year
A2: 46069 | B2: East→West | C2: 9221267 | D2: OCEANA KAI | E2: 1 | F2: SANCTIONED FLEET | G2: 14804 | H2: chemoil | I2: ABW | J2: Khor Fakkan | K2: 12170.969 | L2: 2001 | M2: 13692.34
A3: 46076 | B3: West→East | C3: 9155626 | D3: ROYAL A | E3: 0 | F3: 0 | G3: 18094 | H3: lpg | I3: ABW | J3: Shinas | K3: 12170.969 | L3: 1998 | M3: 13874.905
A4: 46080 | B4: East→West | C4: 9007386 | D4: XI WANG MU | E4: 0 | F4: 0 | G4: 50357 | H4: lpg | I4: ABW | J4: Hamriya Free Zone Port | K4: 20866.017 | L4: 1991 | M4: 23995.92
A5: 46098 | B5: East→West | C5: 9125724 | D5: BLOOMING DALE | E5: 1 | F5: SANCTIONED FLEET | G5: 12083 | H5: tanker | I5: ABW | J5: Khor Fakkan | K5: 11412.358 | L5: 1996 | M5: 13124.212
A6: 46094 | B6: West→East | C6: 9125724 | D6: BLOOMING DALE | E6: 1 | F6: SANCTIONED FLEET | G6: 12083 | H6: tanker | I6: ABW | J6: Khor Fakkan | K6: 11412.358 | L6: 1996 | M6: 13124.212
A7: 46073 | B7: West→East | C7: 9176656 | D7: ASTRID 1 | E7: 1 | F7: SANCTIONED FLEET | G7: 32950 | H7: tanker | I7: ABW | J7: Khor Fakkan | K7: 19496.252 | L7: 1999 | M7: 22128.246
A8: 46098 | B8: West→East | C8: 9277761 | D8: STELLANN | E8: 1 | F8: GHOST FLEET | G8: 74999 | H8: tanker | I8: ABW | J8: Lianyungang | K8: 26090.7 | L8: 2004 | M8: 28960.677
A9: 46092 | B9: West→East | C9: 9031519 | D9: MARSER | E9: 0 | F9: 0 | G9: 49242 | H9: lpg | I9: AGO | J9: For Orders | K9: 20866.017 | L9: 1993 | M9: 23995.92
A10: 46080 | B10: East→West | C10: 9031519 | D10: MARSER | E10: 0 | F10: 0 | G10: 49242 | H10: lpg | I10: AGO | J10: Khasab | K10: 20866.017 | L10: 1993 | M10: 23995.92
A11: 46097 | B11: East→West | C11: 9115303 | D11: NAVIXON | E11: 0 | F11: 0 | G11: 49849 | H11: lpg | I11: AGO | J11: For Orders | K11: 20866.017 | L11: 1996 | M11: 23995.92
A12: 46096 | B12: West→East | C12: 9115303 | D12: NAVIXON | E12: 0 | F12: 0 | G12: 49849 | H12: lpg | I12: AGO | J12: For Orders | K12: 20866.017 | L12: 1996 | M12: 23995.92
A13: 46088 | B13: East→West | C13: 9115303 | D13: NAVIXON | E13: 0 | F13: 0 | G13: 49849 | H13: lpg | I13: AGO | J13: For Orders | K13: 20866.017 | L13: 1996 | M13: 23995.92
A14: 46073 | B14: West→East | C14: 9005053 | D14: AXON I | E14: 0 | F14: 0 | G14: 49874 | H14: lpg | I14: AGO | J14: Zhuhai | K14: 20866.017 | L14: 1993 | M14: 23995.92
A15: 46078 | B15: East→West | C15: 9592898 | D15: GHANTOUT | E15: 0 | F15: 0 | G15: 23186 | H15: dry | I15: ARE | J15: Port Rashid | K15: 10987.028 | L15: 2011 | M15: 11811.055
A16: 46098 | B16: East→West | C16: 9574016 | D16: AL SADR - I | E16: 0 | F16: 0 | G16: 13944 | H16: liner | I16: ARE | J16: World Wide | K16: 14853.494 | L16: 2011 | M16: 15967.506
A17: 46096 | B17: West→East | C17: 9574016 | D17: AL SADR - I | E17: 0 | F17: 0 | G17: 13944 | H17: liner | I17: ARE | J17: World Wide | K17: 14853.494 | L17: 2011 | M17: 15967.506
A18: 46075 | B18: East→West | C18: 9424534 | D18: FNSA 11 | E18: 0 | F18: 0 | G18: 6472 | H18: tanker | I18: ARE | J18: Port Rashid | K18: 7155.0784 | L18: 2007 | M18: 7834.8109
A19: 46076 | B19: East→West | C19: 9351816 | D19: BHAGYA LAXMI | E19: 0 | F19: 0 | G19: 13433 | H19: liner | I19: ATG | J19: Jebel Ali | K19: 14853.494 | L19: 2008 | M19: 16190.308
A20: 46079 | B20: West→East | C20: 9423035 | D20: NORDIA | E20: 0 | F20: 0 | G20: 42454 | H20: liner | I20: ATG | J20: Dar es Salaam | K20: 14853.494 | L20: 2010 | M20: 16041.773
... A32: 46071 | B32: West→East | C32: 9436329 | D32: BBC VOLGA | E32: 0 | F32: 0 | G32: 17303 | H32: mpp | I32: ATG | J32: Fujairah | K32: 14853.494 | L32: 2009 | M32: 16116.041
A33: 46080 | B33: East→West | C33: 9467158 | D33: OPAL | E33: 0 | F33: SANCTIONED FLEET | G33: 19324 | H33: mpp | I33: ATG | J33: Khasab | K33: 14853.494 | L33: 2012 | M33: 15893.238
A34: 46075 | B34: West→East | C34: 9605906 | D34: BBC ICELAND | E34: 0 | F34: 0 | G34: 24935 | H34: mpp | I34: ATG | J34: Fujairah | K34: 14853.494 | L34: 2013 | M34: 15818.971
A35: 46080 | B35: East→West | C35: 9450208 | D35: ATLAS | E35: 0 | F35: 0 | G35: 4479 | H35: tanker | I35: ATG | J35: Port Rashid | K35: 4489.3241 | L35: 2007 | M35: 4915.8098
A36: 46079 | B36: West→East | C36: 9925825 | D36: CMA CGM MASAI MARA | E36: 0 | F36: 0 | G36: 75833 | H36: liner | I36: BEL | J36: Mundra | K36: 14853.494 | L36: 2023 | M36: 15076.296
A37: 46077 | B37: East→West | C37: 9925825 | D37: CMA CGM MASAI MARA | E37: 0 | F37: 0 | G37: 75833 | H37: liner | I37: BEL | J37: Jebel Ali | K37: 14853.494 | L37: 2023 | M37: 15076.296
A38: 46076 | B38: West→East | C38: 9789324 | D38: WEPION | E38: 0 | F38: 0 | G38: 28468 | H38: lpg | I38: BEL | J38: Kakinada | K38: 20866.017 | L38: 2018 | M38: 21700.658
A39: 46071 | B39: East→West | C39: 9789324 | D39: WEPION | E39: 0 | F39: 0 | G39: 28468 | H39: lpg | I39: BEL | J39: Ras Al Khair | K39: 20866.017 | L39: 2018 | M39: 21700.658
A40: 46070 | B40: West→East | C40: 9659103 | D40: WAASMUNSTER | E40: 0 | F40: 0 | G40: 28518 | H40: lpg | I40: BEL | J40: Kandla (Deendayal Port) | K40: 20866.017 | L40: 2014 | M40: 22117.978
A41: 46071 | B41: West→East | C41: 9687514 | D41: KORTRIJK | E41: 0 | F41: 0 | G41: 29588 | H41: lpg | I41: BEL | J41: Fujairah | K41: 20866.017 | L41: 2016 | M41: 21909.318
A42: 46076 | B42: West→East | C42: 9719288 | D42: KRUIBEKE | E42: 0 | F42: 0 | G42: 29649 | H42: lpg | I42: BEL | J42: Kandla (Deendayal Port) | K42: 20866.017 | L42: 2017 | M42: 21804.988
A43: 46069 | B43: East→West | C43: 9719288 | D43: KRUIBEKE | E43: 0 | F43: 0 | G43: 29649 | H43: lpg | I43: BEL | J43: Ruwais | K43: 20866.017 | L43: 2017 | M43: 21804.988
A44: 46081 | B44: West→East | C44: 9262168 | D44: BERG 1 | E44: 1 | F44: SANCTIONED FLEET | G44: 299984 | H44: tanker | I44: BEN | J44: China South | K44: 62432.826 | L44: 2004 | M44: 69300.436
A45: 46071 | B45: East→West | C45: 9262168 | D45: BERG 1 | E45: 1 | F45: SANCTIONED FLEET | G45: 299984 | H45: tanker | I45: BEN | J45: World Wide | K45: 62432.826 | L45: 2004 | M45: 69300.436
A46: 46071 | B46: West→East | C46: 9233442 | D46: EMPRESS | E46: 0 | F46: 0 | G46: 51104 | H46: dry | I46: BGD | J46: Karachi | K46: 15035.813 | L46: 2002 | M46: 16840.111
A47: 46071 | B47: East→West | C47: 9771080 | D47: SEAPEAK BAHRAIN | E47: 0 | F47: 0 | G47: 95290 | H47: lng | I47: BHR | J47: Bahrain | K47: 6663.8331 | L47: 2018 | M47: 6930.3864
A48: 46092 | B48: West→East | C48: 8938423 | D48: BAK 8 | E48: 0 | F48: 0 | G48: 2326 | H48: mpp | I48: BHR | J48: World Wide | K48: 2148.7943 | L48: 1996 | M48: 2471.1135
A49: 46073 | B49: West→East | C49: 9236054 | D49: JOVIAN | E49: 0 | F49: 0 | G49: 20601 | H49: chemical | I49: BHS | J49: Singapore | K49: 20866.017 | L49: 2001 | M49: 23474.269
A50: 46068 | B50: East→West | C50: 9236054 | D50: JOVIAN | E50: 0 | F50: 0 | G50: 20601 | H50: chemical | I50: BHS | J50: Jubail | K50: 20866.017 | L50: 2001 | M50: 23474.269
A51: 46077 | B51: East→West | C51: 9367669 | D51: PETALOUDA | E51: 0 | F51: 0 | G51: 47322 | H51: chemoil | I51: BHS | J51: Khor Al Zubair | K51: 20866.017 | L51: 2008 | M51: 22743.959
A52: 46068 | B52: East→West | C52: 9601948 | D52: LADY ANASTASIA | E52: 0 | F52: 0 | G52: 36845 | H52: dry | I52: BHS | J52: Umm Qasr | K52: 15035.813 | L52: 2012 | M52: 16088.32
A53: 46076 | B53: West→East | C53: 9801263 | D53: AFRICAN TOUCAN | E53: 0 | F53: 0 | G53: 37730 | H53: dry | I53: BHS | J53: Fujairah | K53: 15035.813 | L53: 2017 | M53: 15712.425
A54: 46068 | B54: East→West | C54: 9801263 | D54: AFRICAN TOUCAN | E54: 0 | F54: 0 | G54: 37730 | H54: dry | I54: BHS | J54: Mina Al Ahmadi | K54: 15035.813 | L54: 2017 | M54: 15712.425
A55: 46072 | B55: West→East | C55: 9727405 | D55: AFRICAN RAPTOR | E55: 0 | F55: 0 | G55: 61286 | H55: dry | I55: BHS | J55: Fujairah | K55: 21117.137 | L55: 2015 | M55: 22278.58
A56: 46070 | B56: East→West | C56: 9727405 | D56: AFRICAN RAPTOR | E56: 0 | F56: 0 | G56: 61286 | H56: dry | I56: BHS | J56: Sohar | K56: 21117.137 | L56: 2015 | M56: 22278.58
A57: 46069 | B57: West→East | C57: 9738870 | D57: AFRICAN AVOCET | E57: 0 | F57: 0 | G57: 61328 | H57: dry | I57: BHS | J57: Fujairah | K57: 21117.137 | L57: 2015 | M57: 22278.58
... A88: 46077 | B88: East→West | C88: 9600528 | D88: GASLOG SHANGHAI | E88: 0 | F88: 0 | G88: 82104 | H88: lng | I88: BMU | J88: Das Island | K88: 6663.8331 | L88: 2013 | M88: 7096.9823
A89: 46097 | B89: East→West | C89: 9232369 | D89: NYMPH THETIS | E89: 1 | F89: GHOST FLEET | G89: 17427 | H89: chemical | I89: BRB | K89: 12170.969 | L89: 2000 | M89: 13753.195
A90: 46096 | B90: West→East | C90: 9232369 | D90: NYMPH THETIS | E90: 1 | F90: GHOST FLEET | G90: 17427 | H90: chemical | I90: BRB | K90: 12170.969 | L90: 2000 | M90: 13753.195
A91: 46076 | B91: East→West | C91: 9232369 | D91: NYMPH THETIS | E91: 1 | F91: GHOST FLEET | G91: 17427 | H91: chemical | I91: BRB | J91: Jubail | K91: 12170.969 | L91: 2000 | M91: 13753.195
A92: 46076 | B92: West→East | C92: 9231614 | D92: LUCKY | E92: 0 | F92: 0 | G92: 36031 | H92: chemoil | I92: BRB | J92: Ningbo (incl Zhoushan) | K92: 20866.017 | L92: 2002 | M92: 23369.939
A93: 46070 | B93: East→West | C93: 9231614 | D93: LUCKY | E93: 0 | F93: 0 | G93: 36031 | H93: chemoil | I93: BRB | J93: Khor Fakkan | K93: 20866.017 | L93: 2002 | M93: 23369.939
A94: 46078 | B94: West→East | C94: 9256298 | D94: ALFONSO | E94: 0 | F94: 0 | G94: 38877 | H94: chemoil | I94: BRB | J94: Khor Fakkan | K94: 20866.017 | L94: 2004 | M94: 23161.279
A95: 46069 | B95: East→West | C95: 9241798 | D95: NAVARA | E95: 0 | F95: 0 | G95: 40249 | H95: chemoil | I95: BRB | J95: World Wide | K95: 20866.017 | L95: 2004 | M95: 23161.279
A96: 46079 | B96: East→West | C96: 9213909 | D96: EXPLORER | E96: 0 | F96: 0 | G96: 45282 | H96: chemoil | I96: BRB | J96: Jubail | K96: 20866.017 | L96: 2001 | M96: 23474.269
A97: 46097 | B97: East→West | C97: 9256925 | D97: TARYN EVE | E97: 0 | F97: 0 | G97: 47791 | H97: chemoil | I97: BRB | J97: Khor Fakkan | K97: 20866.017 | L97: 2003 | M97: 23265.609
A98: 46079 | B98: West→East | C98: 9256925 | D98: TARYN EVE | E98: 0 | F98: 0 | G98: 47791 | H98: chemoil | I98: BRB | J98: Khor Fakkan | K98: 20866.017 | L98: 2003 | M98: 23265.609
A99: 46074 | B99: East→West | C99: 9217797 | D99: LEADER M | E99: 0 | F99: 0 | G99: 12235 | H99: dry | I99: BRB | J99: Jubail | K99: 10987.028 | L99: 2000 | M99: 12415.341
A100: 46082 | B100: West→East | C100: 9573799 | D100: CORELIT | E100: 0 | F100: 0 | G100: 28189 | H100: dry | I100: BRB | J100: Kandla (Deendayal Port) | K100: 10987.028 | L100: 2010 | M100: 11865.99
A101: 46085 | B101: East→West | C101: 9221645 | D101: NEW LIBERTY | E101: 0 | F101: 0 | G101: 28471 | H101: dry | I101: BRB | J101: For Orders | K101: 10987.028 | L101: 2010 | M101: 11865.99
A102: 46077 | B102: East→West | C102: 9499448 | D102: OBE HEART | E102: 0 | F102: 0 | G102: 32964 | H102: dry | I102: BRB | J102: Fujairah | K102: 10987.028 | L102: 2012 | M102: 11756.12
A103: 46074 | B103: West→East | C103: 9685619 | D103: BC AMER | E103: 0 | F103: 0 | G103: 38494 | H103: dry | I103: BRB | J103: Aqaba | K103: 15035.813 | L103: 2013 | M103: 16013.141
... A113: 46070 | B113: West→East | C113: 9600803 | D113: RADHA MOHAN | E113: 0 | F113: 0 | G113: 5985 | H113: tanker | I113: BRB | J113: Port Sultan Qaboos | K113: 7155.0784 | L113: 2011 | M113: 7691.7093
A114: 46069 | B114: West→East | C114: 9360398 | D114: Y L W | E114: 1 | F114: GHOST FLEET | G114: 6012 | H114: tanker | I114: BRB | J114: Khor Fakkan | K114: 7155.0784 | L114: 2007 | M114: 7834.8109
A115: 46083 | B115: West→East | C115: 9427146 | D115: SHIVA | E115: 1 | F115: GHOST FLEET | G115: 12000 | H115: tanker | I115: BRB | J115: Khor Fakkan | K115: 11412.358 | L115: 2007 | M115: 12496.532
A116: 46079 | B116: East→West | C116: 9427146 | D116: SHIVA | E116: 1 | F116: GHOST FLEET | G116: 12000 | H116: tanker | I116: BRB | J116: Khor Al Zubair | K116: 11412.358 | L116: 2007 | M116: 12496.532
A117: 46097 | B117: East→West | C117: 9292046 | D117: NOVA CREST | E117: 1 | F117: SANCTIONED FLEET | G117: 46697 | H117: tanker | I117: BRB | J117: Khor Fakkan | K117: 19496.252 | L117: 2005 | M117: 21543.359
A118: 46081 | B118: West→East | C118: 9255933 | D118: JIN LI | E118: 1 | F118: SANCTIONED FLEET | G118: 72768 | H118: tanker | I118: BRB | J118: Sohar | K118: 26090.7 | L118: 2004 | M118: 28960.677
A119: 46072 | B119: East→West | C119: 9255933 | D119: JIN LI | E119: 1 | F119: SANCTIONED FLEET | G119: 72768 | H119: tanker | I119: BRB | J119: Khor Al Zubair | K119: 26090.7 | L119: 2004 | M119: 28960.677
A120: 46077 | B120: East→West | C120: 9299563 | D120: NORTH STAR | E120: 1 | F120: SANCTIONED FLEET | G120: 72807 | H120: tanker | I120: BRB | J120: Basrah | K120: 26090.7 | L120: 2005 | M120: 28830.223
A121: 46074 | B121: West→East | C121: 9299563 | D121: NORTH STAR | E121: 1 | F121: SANCTIONED FLEET | G121: 72807 | H121: tanker | I121: BRB | J121: Fujairah | K121: 26090.7 | L121: 2005 | M121: 28830.223
A122: 46081 | B122: West→East | C122: 9282625 | D122: MADI | E122: 0 | F122: 0 | G122: 72825 | H122: tanker | I122: BRB | J122: Fujairah | K122: 26090.7 | L122: 2005 | M122: 28830.223
A123: 46072 | B123: East→West | C123: 9282625 | D123: MADI | E123: 0 | F123: 0 | G123: 72825 | H123: tanker | I123: BRB | J123: Basrah Oil Terminal (ABOT) | K123: 26090.7 | L123: 2005 | M123: 28830.223
A124: 46081 | B124: East→West | C124: 9277773 | D124: HAPPY CAMPER | E124: 1 | F124: GHOST FLEET | G124: 74999 | H124: tanker | I124: BRB | J124: Hamriya Free Zone Port | K124: 26090.7 | L124: 2004 | M124: 28960.677
A125: 46076 | B125: West→East | C125: 9277773 | D125: HAPPY CAMPER | E125: 1 | F125: GHOST FLEET | G125: 74999 | H125: tanker | I125: BRB | J125: Karachi | K125: 26090.7 | L125: 2004 | M125: 28960.677
A126: 46075 | B126: East→West | C126: 9277773 | D126: HAPPY CAMPER | E126: 1 | F126: GHOST FLEET | G126: 74999 | H126: tanker | I126: BRB | J126: Karachi | K126: 26090.7 | L126: 2004 | M126: 28960.677
A127: 46076 | B127: West→East | C127: 9470131 | D127: TALUREX | E127: 0 | F127: 0 | G127: 115984 | H127: tanker | I127: BRB | J127: Fujairah | K127: 28821.516 | L127: 2011 | M127: 30983.13
A128: 46097 | B128: East→West | C128: 9267962 | D128: HOOT | E128: 0 | F128: 0 | G128: 8709 | H128: lpg | I128: BWA | J128: Khor Fakkan | K128: 8000.9025 | L128: 2003 | M128: 8921.0063
A129: 46099 | B129: East→West | C129: 8912546 | D129: SALUTE | E129: 0 | F129: 0 | G129: 49301 | H129: lpg | I129: BWA | J129: For Orders | K129: 20866.017 | L129: 1992 | M129: 23995.92
A130: 46074 | B130: West→East | C130: 8812617 | D130: PEARL | E130: 0 | F130: SANCTIONED FLEET | G130: 2042 | H130: mpp | I130: BWA | J130: Port Sultan Qaboos | K130: 2148.7943 | L130: 1988 | M130: 2471.1135
A131: 46072 | B131: West→East | C131: 9948059 | D131: BAO FENG HUA 1 | E131: 0 | F131: 0 | G131: 9199 | H131: chemoil | I131: CHN | J131: Fujairah | K131: 8000.9025 | L131: 2022 | M131: 8160.9206
A132: 46092 | B132: West→East | C132: 9611618 | D132: RUN CHEN 2 | E132: 0 | F132: 0 | G132: 32709 | H132: dry | I132: CHN | J132: Singapore | K132: 10987.028 | L132: 2011 | M132: 11811.055
A133: 46090 | B133: East→West | C133: 9611618 | D133: RUN CHEN 2 | E133: 0 | F133: 0 | G133: 32709 | H133: dry | I133: CHN | J133: World Wide | K133: 10987.028 | L133: 2011 | M133: 11811.055
A134: 46083 | B134: West→East | C134: 9611618 | D134: RUN CHEN 2 | E134: 0 | F134: 0 | G134: 32709 | H134: dry | I134: CHN | J134: Sohar | K134: 10987.028 | L134: 2011 | M134: 11811.055
A135: 46068 | B135: East→West | C135: 9591026 | D135: JIN HAI HUA | E135: 0 | F135: 0 | G135: 44745 | H135: dry | I135: CHN | J135: Jebel Ali | K135: 15035.813 | L135: 2012 | M135: 16088.32
A136: 46076 | B136: West→East | C136: 9277644 | D136: KANG HUAN | E136: 0 | F136: 0 | G136: 52810 | H136: dry | I136: CHN | J136: Singapore | K136: 15035.813 | L136: 2004 | M136: 16689.753
A137: 46079 | B137: West→East | C137: 9277632 | D137: KANG MAN | E137: 0 | F137: 0 | G137: 52818 | H137: dry | I137: CHN | J137: Al Hamriyah (Dubai) | K137: 15035.813 | L137: 2004 | M137: 16689.753
A138: 46080 | B138: West→East | C138: 9488229 | D138: ZHAO BAO SHAN | E138: 0 | F138: 0 | G138: 53393 | H138: dry | I138: CHN | J138: Khor Fakkan | K138: 15035.813 | L138: 2008 | M138: 16389.036
A139: 46071 | B139: East→West | C139: 9538335 | D139: RUI NING 7 | E139: 0 | F139: 0 | G139: 53478 | H139: dry | I139: CHN | J139: Jebel Ali | K139: 15035.813 | L139: 2010 | M139: 16238.678
A140: 46073 | B140: West→East | C140: 9635614 | D140: HONG LONG HAI SHENG | E140: 0 | F140: 0 | G140: 56501 | H140: dry | I140: CHN | J140: Fujairah | K140: 15035.813 | L140: 2013 | M140: 16013.141
A141: 46068 | B141: West→East | C141: 9621120 | D141: ZHE HAI 529 | E141: 0 | F141: 0 | G141: 56724 | H141: dry | I141: CHN | J141: Fujairah | K141: 15035.813 | L141: 2012 | M141: 16088.32
A142: 46081 | B142: West→East | C142: 9436109 | D142: CHANG HANG HUI HAI | E142: 0 | F142: 0 | G142: 57065 | H142: dry | I142: CHN | J142: Khor Fakkan | K142: 15035.813 | L142: 2010 | M142: 16238.678
... A181: 46068 | B181: West→East | C181: 7389443 | D181: BAOBAB IVOIRIEN | E181: 0 | F181: 0 | G181: 351491 | H181: fso | I181: CIV | J181: Cape Town | K181: 62432.826 | L181: 1976 | M181: 71797.749
A182: 46082 | B182: West→East | C182: 9208124 | D182: SKY RIDER | E182: 1 | F182: SANCTIONED FLEET | G182: 37418 | H182: chemoil | I182: CMR | J182: For Orders | K182: 20866.017 | L182: 2000 | M182: 23578.599
A183: 46075 | B183: East→West | C183: 9174361 | D183: GALAXY GAS | E183: 0 | F183: 0 | G183: 5996 | H183: lpg | I183: CMR | J183: Khor Al Zubair | K183: 8000.9025 | L183: 1999 | M183: 9081.0244
A184: 46076 | B184: West→East | C184: 9179919 | D184: JASMIN | E184: 0 | F184: 0 | G184: 4986 | H184: tanker | I184: CMR | J184: Port Rashid | K184: 4489.3241 | L184: 1998 | M184: 5117.8294
A185: 46071 | B185: East→West | C185: 9411288 | D185: NILE | E185: 1 | F185: SANCTIONED FLEET | G185: 9040 | H185: chemoil | I185: COK | J185: Khor Al Zubair | K185: 8000.9025 | L185: 2004 | M185: 8881.0018
A186: 46068 | B186: West→East | C186: 9411288 | D186: NILE | E186: 1 | F186: SANCTIONED FLEET | G186: 9040 | H186: chemoil | I186: COK | J186: Khor Fakkan | K186: 8000.9025 | L186: 2004 | M186: 8881.0018
A187: 46078 | B187: West→East | C187: 9229025 | D187: TALIA | E187: 1 | F187: GHOST FLEET | G187: 12681 | H187: chemoil | I187: COK | J187: Khor Fakkan | K187: 12170.969 | L187: 2001 | M187: 13692.34
A188: 46068 | B188: East→West | C188: 9229025 | D188: TALIA | E188: 1 | F188: GHOST FLEET | G188: 12681 | H188: chemoil | I188: COK | J188: Khor Al Zubair | K188: 12170.969 | L188: 2001 | M188: 13692.34
...

Sheet Emissions proxy
A1: Name | B1: Greenvoyage category | C1: Dwt | D1: Segment | E1: DWT Category | F1: key | G1: Emissions
A2: OCEANA KAI | B2: =_xlfn.XLOOKUP(D2,Mapping!A:A,Mapping!B:B,"CHECK") -> Chemical tanker | C2: 14804 | D2: chemoil | E2: =IF(B2="Chemical tanker", IF(C2<5000,"0-4999", IF(C2<10000,"5000-9999", IF(C2<20000,"10000-19999","20000-+"))), IF(B2="Oil tanker", IF(C2<5000,"0-4999", IF(C2<10000,"5000-9999", IF(C2<20000,"10000-19999", IF(C2<60000,"20000-59999", IF(C2<80000,"60000-79999", IF(C2<120000,"80000-119999", IF(C2<200000,"120000-199999","200000-+"))))))), IF(B2="General cargo", IF(C2<5000,"0-4999", IF(C2<10000,"5000-9999","10000-+")), IF(B2="Bulk carrier", IF(C2<10000,"0-9999", IF(C2<35000,"10000-34999", IF(C2<60000,"35000-59999", IF(C2<100000,"60000-99999", IF(C2<200000,"100000-199999","200000-+"))))), IF(B2="LNG carrier", IF(C2<100000,"0-99999", IF(C2<150000,"100000-149999","150000-+")), "CHECK"))))) -> 10000-19999 | F2: =B2&"|"&E2 -> Chemical tanker|10000-19999 | G2: =_xlfn.XLOOKUP(F2,Mapping!H:H,Mapping!G:G,"CHECK") -> 12170.969
A3: ROYAL A | B3: =_xlfn.XLOOKUP(D3,Mapping!A:A,Mapping!B:B,"CHECK") -> Chemical tanker | C3: 18094 | D3: lpg | E3: =IF(B3="Chemical tanker", IF(C3<5000,"0-4999", IF(C3<10000,"5000-9999", IF(C3<20000,"10000-19999","20000-+"))), IF(B3="Oil tanker", IF(C3<5000,"0-4999", IF(C3<10000,"5000-9999", IF(C3<20000,"10000-19999", IF(C3<60000,"20000-59999", IF(C3<80000,"60000-79999", IF(C3<120000,"80000-119999", IF(C3<200000,"120000-199999","200000-+"))))))), IF(B3="General cargo", IF(C3<5000,"0-4999", IF(C3<10000,"5000-9999","10000-+")), IF(B3="Bulk carrier", IF(C3<10000,"0-9999", IF(C3<35000,"10000-34999", IF(C3<60000,"35000-59999", IF(C3<100000,"60000-99999", IF(C3<200000,"100000-199999","200000-+"))))), IF(B3="LNG carrier", IF(C3<100000,"0-99999", IF(C3<150000,"100000-149999","150000-+")), "CHECK"))))) -> 10000-19999 | F3: =B3&"|"&E3 -> Chemical tanker|10000-19999 | G3: =_xlfn.XLOOKUP(F3,Mapping!H:H,Mapping!G:G,"CHECK") -> 12170.969
A4: XI WANG MU | B4: =_xlfn.XLOOKUP(D4,Mapping!A:A,Mapping!B:B,"CHECK") -> Chemical tanker | C4: 50357 | D4: lpg | E4: =IF(B4="Chemical tanker", IF(C4<5000,"0-4999", IF(C4<10000,"5000-9999", IF(C4<20000,"10000-19999","20000-+"))), IF(B4="Oil tanker", IF(C4<5000,"0-4999", IF(C4<10000,"5000-9999", IF(C4<20000,"10000-19999", IF(C4<60000,"20000-59999", IF(C4<80000,"60000-79999", IF(C4<120000,"80000-119999", IF(C4<200000,"120000-199999","200000-+"))))))), IF(B4="General cargo", IF(C4<5000,"0-4999", IF(C4<10000,"5000-9999","10000-+")), IF(B4="Bulk carrier", IF(C4<10000,"0-9999", IF(C4<35000,"10000-34999", IF(C4<60000,"35000-59999", IF(C4<100000,"60000-99999", IF(C4<200000,"100000-199999","200000-+"))))), IF(B4="LNG carrier", IF(C4<100000,"0-99999", IF(C4<150000,"100000-149999","150000-+")), "CHECK"))))) -> 20000-+ | F4: =B4&"|"&E4 -> Chemical tanker|20000-+ | G4: =_xlfn.XLOOKUP(F4,Mapping!H:H,Mapping!G:G,"CHECK") -> 20866.017
A5: BLOOMING DALE | B5: =_xlfn.XLOOKUP(D5,Mapping!A:A,Mapping!B:B,"CHECK") -> Oil tanker | C5: 12083 | D5: tanker | E5: =IF(B5="Chemical tanker", IF(C5<5000,"0-4999", IF(C5<10000,"5000-9999", IF(C5<20000,"10000-19999","20000-+"))), IF(B5="Oil tanker", IF(C5<5000,"0-4999", IF(C5<10000,"5000-9999", IF(C5<20000,"10000-19999", IF(C5<60000,"20000-59999", IF(C5<80000,"60000-79999", IF(C5<120000,"80000-119999", IF(C5<200000,"120000-199999","200000-+"))))))), IF(B5="General cargo", IF(C5<5000,"0-4999", IF(C5<10000,"5000-9999","10000-+")), IF(B5="Bulk carrier", IF(C5<10000,"0-9999", IF(C5<35000,"10000-34999", IF(C5<60000,"35000-59999", IF(C5<100000,"60000-99999", IF(C5<200000,"100000-199999","200000-+"))))), IF(B5="LNG carrier", IF(C5<100000,"0-99999", IF(C5<150000,"100000-149999","150000-+")), "CHECK"))))) -> 10000-19999 | F5: =B5&"|"&E5 -> Oil tanker|10000-19999 | G5: =_xlfn.XLOOKUP(F5,Mapping!H:H,Mapping!G:G,"CHECK") -> 11412.358
A6: BLOOMING DALE | B6: =_xlfn.XLOOKUP(D6,Mapping!A:A,Mapping!B:B,"CHECK") -> Oil tanker | C6: 12083 | D6: tanker | E6: =IF(B6="Chemical tanker", IF(C6<5000,"0-4999", IF(C6<10000,"5000-9999", IF(C6<20000,"10000-19999","20000-+"))), IF(B6="Oil tanker", IF(C6<5000,"0-4999", IF(C6<10000,"5000-9999", IF(C6<20000,"10000-19999", IF(C6<60000,"20000-59999", IF(C6<80000,"60000-79999", IF(C6<120000,"80000-119999", IF(C6<200000,"120000-199999","200000-+"))))))), IF(B6="General cargo", IF(C6<5000,"0-4999", IF(C6<10000,"5000-9999","10000-+")), IF(B6="Bulk carrier", IF(C6<10000,"0-9999", IF(C6<35000,"10000-34999", IF(C6<60000,"35000-59999", IF(C6<100000,"60000-99999", IF(C6<200000,"100000-199999","200000-+"))))), IF(B6="LNG carrier", IF(C6<100000,"0-99999", IF(C6<150000,"100000-149999","150000-+")), "CHECK"))))) -> 10000-19999 | F6: =B6&"|"&E6 -> Oil tanker|10000-19999 | G6: =_xlfn.XLOOKUP(F6,Mapping!H:H,Mapping!G:G,"CHECK") -> 11412.358
A7: ASTRID 1 | B7: =_xlfn.XLOOKUP(D7,Mapping!A:A,Mapping!B:B,"CHECK") -> Oil tanker | C7: 32950 | D7: tanker | E7: =IF(B7="Chemical tanker", IF(C7<5000,"0-4999", IF(C7<10000,"5000-9999", IF(C7<20000,"10000-19999","20000-+"))), IF(B7="Oil tanker", IF(C7<5000,"0-4999", IF(C7<10000,"5000-9999", IF(C7<20000,"10000-19999", IF(C7<60000,"20000-59999", IF(C7<80000,"60000-79999", IF(C7<120000,"80000-119999", IF(C7<200000,"120000-199999","200000-+"))))))), IF(B7="General cargo", IF(C7<5000,"0-4999", IF(C7<10000,"5000-9999","10000-+")), IF(B7="Bulk carrier", IF(C7<10000,"0-9999", IF(C7<35000,"10000-34999", IF(C7<60000,"35000-59999", IF(C7<100000,"60000-99999", IF(C7<200000,"100000-199999","200000-+"))))), IF(B7="LNG carrier", IF(C7<100000,"0-99999", IF(C7<150000,"100000-149999","150000-+")), "CHECK"))))) -> 20000-59999 | F7: =B7&"|"&E7 -> Oil tanker|20000-59999 | G7: =_xlfn.XLOOKUP(F7,Mapping!H:H,Mapping!G:G,"CHECK") -> 19496.252
A8: STELLANN | B8: =_xlfn.XLOOKUP(D8,Mapping!A:A,Mapping!B:B,"CHECK") -> Oil tanker | C8: 74999 | D8: tanker | E8: =IF(B8="Chemical tanker", IF(C8<5000,"0-4999", IF(C8<10000,"5000-9999", IF(C8<20000,"10000-19999","20000-+"))), IF(B8="Oil tanker", IF(C8<5000,"0-4999", IF(C8<10000,"5000-9999", IF(C8<20000,"10000-19999", IF(C8<60000,"20000-59999", IF(C8<80000,"60000-79999", IF(C8<120000,"80000-119999", IF(C8<200000,"120000-199999","200000-+"))))))), IF(B8="General cargo", IF(C8<5000,"0-4999", IF(C8<10000,"5000-9999","10000-+")), IF(B8="Bulk carrier", IF(C8<10000,"0-9999", IF(C8<35000,"10000-34999", IF(C8<60000,"35000-59999", IF(C8<100000,"60000-99999", IF(C8<200000,"100000-199999","200000-+"))))), IF(B8="LNG carrier", IF(C8<100000,"0-99999", IF(C8<150000,"100000-149999","150000-+")), "CHECK"))))) -> 60000-79999 | F8: =B8&"|"&E8 -> Oil tanker|60000-79999 | G8: =_xlfn.XLOOKUP(F8,Mapping!H:H,Mapping!G:G,"CHECK") -> 26090.7
A9: MARSER | B9: =_xlfn.XLOOKUP(D9,Mapping!A:A,Mapping!B:B,"CHECK") -> Chemical tanker | C9: 49242 | D9: lpg | E9: =IF(B9="Chemical tanker", IF(C9<5000,"0-4999", IF(C9<10000,"5000-9999", IF(C9<20000,"10000-19999","20000-+"))), IF(B9="Oil tanker", IF(C9<5000,"0-4999", IF(C9<10000,"5000-9999", IF(C9<20000,"10000-19999", IF(C9<60000,"20000-59999", IF(C9<80000,"60000-79999", IF(C9<120000,"80000-119999", IF(C9<200000,"120000-199999","200000-+"))))))), IF(B9="General cargo", IF(C9<5000,"0-4999", IF(C9<10000,"5000-9999","10000-+")), IF(B9="Bulk carrier", IF(C9<10000,"0-9999", IF(C9<35000,"10000-34999", IF(C9<60000,"35000-59999", IF(C9<100000,"60000-99999", IF(C9<200000,"100000-199999","200000-+"))))), IF(B9="LNG carrier", IF(C9<100000,"0-99999", IF(C9<150000,"100000-149999","150000-+")), "CHECK"))))) -> 20000-+ | F9: =B9&"|"&E9 -> Chemical tanker|20000-+ | G9: =_xlfn.XLOOKUP(F9,Mapping!H:H,Mapping!G:G,"CHECK") -> 20866.017
A10: MARSER | B10: =_xlfn.XLOOKUP(D10,Mapping!A:A,Mapping!B:B,"CHECK") -> Chemical tanker | C10: 49242 | D10: lpg | E10: =IF(B10="Chemical tanker", IF(C10<5000,"0-4999", IF(C10<10000,"5000-9999", IF(C10<20000,"10000-19999","20000-+"))), IF(B10="Oil tanker", IF(C10<5000,"0-4999", IF(C10<10000,"5000-9999", IF(C10<20000,"10000-19999", IF(C10<60000,"20000-59999", IF(C10<80000,"60000-79999", IF(C10<120000,"80000-119999", IF(C10<200000,"120000-199999","200000-+"))))))), IF(B10="General cargo", IF(C10<5000,"0-4999", IF(C10<10000,"5000-9999","10000-+")), IF(B10="Bulk carrier", IF(C10<10000,"0-9999", IF(C10<35000,"10000-34999", IF(C10<60000,"35000-59999", IF(C10<100000,"60000-99999", IF(C10<200000,"100000-199999","200000-+"))))), IF(B10="LNG carrier", IF(C10<100000,"0-99999", IF(C10<150000,"100000-149999","150000-+")), "CHECK"))))) -> 20000-+ | F10: =B10&"|"&E10 -> Chemical tanker|20000-+ | G10: =_xlfn.XLOOKUP(F10,Mapping!H:H,Mapping!G:G,"CHECK") -> 20866.017
A11: NAVIXON | B11: =_xlfn.XLOOKUP(D11,Mapping!A:A,Mapping!B:B,"CHECK") -> Chemical tanker | C11: 49849 | D11: lpg | E11: =IF(B11="Chemical tanker", IF(C11<5000,"0-4999", IF(C11<10000,"5000-9999", IF(C11<20000,"10000-19999","20000-+"))), IF(B11="Oil tanker", IF(C11<5000,"0-4999", IF(C11<10000,"5000-9999", IF(C11<20000,"10000-19999", IF(C11<60000,"20000-59999", IF(C11<80000,"60000-79999", IF(C11<120000,"80000-119999", IF(C11<200000,"120000-199999","200000-+"))))))), IF(B11="General cargo", IF(C11<5000,"0-4999", IF(C11<10000,"5000-9999","10000-+")), IF(B11="Bulk carrier", IF(C11<10000,"0-9999", IF(C11<35000,"10000-34999", IF(C11<60000,"35000-59999", IF(C11<100000,"60000-99999", IF(C11<200000,"100000-199999","200000-+"))))), IF(B11="LNG carrier", IF(C11<100000,"0-99999", IF(C11<150000,"100000-149999","150000-+")), "CHECK"))))) -> 20000-+ | F11: =B11&"|"&E11 -> Chemical tanker|20000-+ | G11: =_xlfn.XLOOKUP(F11,Mapping!H:H,Mapping!G:G,"CHECK") -> 20866.017
A12: NAVIXON | B12: =_xlfn.XLOOKUP(D12,Mapping!A:A,Mapping!B:B,"CHECK") -> Chemical tanker | C12: 49849 | D12: lpg | E12: =IF(B12="Chemical tanker", IF(C12<5000,"0-4999", IF(C12<10000,"5000-9999", IF(C12<20000,"10000-19999","20000-+"))), IF(B12="Oil tanker", IF(C12<5000,"0-4999", IF(C12<10000,"5000-9999", IF(C12<20000,"10000-19999", IF(C12<60000,"20000-59999", IF(C12<80000,"60000-79999", IF(C12<120000,"80000-119999", IF(C12<200000,"120000-199999","200000-+"))))))), IF(B12="General cargo", IF(C12<5000,"0-4999", IF(C12<10000,"5000-9999","10000-+")), IF(B12="Bulk carrier", IF(C12<10000,"0-9999", IF(C12<35000,"10000-34999", IF(C12<60000,"35000-59999", IF(C12<100000,"60000-99999", IF(C12<200000,"100000-199999","200000-+"))))), IF(B12="LNG carrier", IF(C12<100000,"0-99999", IF(C12<150000,"100000-149999","150000-+")), "CHECK"))))) -> 20000-+ | F12: =B12&"|"&E12 -> Chemical tanker|20000-+ | G12: =_xlfn.XLOOKUP(F12,Mapping!H:H,Mapping!G:G,"CHECK") -> 20866.017
A13: NAVIXON | B13: =_xlfn.XLOOKUP(D13,Mapping!A:A,Mapping!B:B,"CHECK") -> Chemical tanker | C13: 49849 | D13: lpg | E13: =IF(B13="Chemical tanker", IF(C13<5000,"0-4999", IF(C13<10000,"5000-9999", IF(C13<20000,"10000-19999","20000-+"))), IF(B13="Oil tanker", IF(C13<5000,"0-4999", IF(C13<10000,"5000-9999", IF(C13<20000,"10000-19999", IF(C13<60000,"20000-59999", IF(C13<80000,"60000-79999", IF(C13<120000,"80000-119999", IF(C13<200000,"120000-199999","200000-+"))))))), IF(B13="General cargo", IF(C13<5000,"0-4999", IF(C13<10000,"5000-9999","10000-+")), IF(B13="Bulk carrier", IF(C13<10000,"0-9999", IF(C13<35000,"10000-34999", IF(C13<60000,"35000-59999", IF(C13<100000,"60000-99999", IF(C13<200000,"100000-199999","200000-+"))))), IF(B13="LNG carrier", IF(C13<100000,"0-99999", IF(C13<150000,"100000-149999","150000-+")), "CHECK"))))) -> 20000-+ | F13: =B13&"|"&E13 -> Chemical tanker|20000-+ | G13: =_xlfn.XLOOKUP(F13,Mapping!H:H,Mapping!G:G,"CHECK") -> 20866.017
... A46: EMPRESS | B46: =_xlfn.XLOOKUP(D46,Mapping!A:A,Mapping!B:B,"CHECK") -> Bulk carrier | C46: 51104 | D46: dry | E46: =IF(B46="Chemical tanker", IF(C46<5000,"0-4999", IF(C46<10000,"5000-9999", IF(C46<20000,"10000-19999","20000-+"))), IF(B46="Oil tanker", IF(C46<5000,"0-4999", IF(C46<10000,"5000-9999", IF(C46<20000,"10000-19999", IF(C46<60000,"20000-59999", IF(C46<80000,"60000-79999", IF(C46<120000,"80000-119999", IF(C46<200000,"120000-199999","200000-+"))))))), IF(B46="General cargo", IF(C46<5000,"0-4999", IF(C46<10000,"5000-9999","10000-+")), IF(B46="Bulk carrier", IF(C46<10000,"0-9999", IF(C46<35000,"10000-34999", IF(C46<60000,"35000-59999", IF(C46<100000,"60000-99999", IF(C46<200000,"100000-199999","200000-+"))))), IF(B46="LNG carrier", IF(C46<100000,"0-99999", IF(C46<150000,"100000-149999","150000-+")), "CHECK"))))) -> 35000-59999 | F46: =B46&"|"&E46 -> Bulk carrier|35000-59999 | G46: =_xlfn.XLOOKUP(F46,Mapping!H:H,Mapping!G:G,"CHECK") -> 15035.813
A47: SEAPEAK BAHRAIN | B47: =_xlfn.XLOOKUP(D47,Mapping!A:A,Mapping!B:B,"CHECK") -> Other liquids tankers | C47: 95290 | D47: lng | E47: =IF(B47="Chemical tanker", IF(C47<5000,"0-4999", IF(C47<10000,"5000-9999", IF(C47<20000,"10000-19999","20000-+"))), IF(B47="Oil tanker", IF(C47<5000,"0-4999", IF(C47<10000,"5000-9999", IF(C47<20000,"10000-19999", IF(C47<60000,"20000-59999", IF(C47<80000,"60000-79999", IF(C47<120000,"80000-119999", IF(C47<200000,"120000-199999","200000-+"))))))), IF(B47="General cargo", IF(C47<5000,"0-4999", IF(C47<10000,"5000-9999","10000-+")), IF(B47="Bulk carrier", IF(C47<10000,"0-9999", IF(C47<35000,"10000-34999", IF(C47<60000,"35000-59999", IF(C47<100000,"60000-99999", IF(C47<200000,"100000-199999","200000-+"))))), IF(B47="LNG carrier", IF(C47<100000,"0-99999", IF(C47<150000,"100000-149999","150000-+")), "CHECK"))))) -> CHECK | F47: =B47&"|"&E47 -> Other liquids tankers|CHECK | G47: =_xlfn.XLOOKUP(F47,Mapping!H:H,Mapping!G:G,_xlfn.NUMBERVALUE(6663.83312179978)) -> 6663.8331
A48: BAK 8 | B48: =_xlfn.XLOOKUP(D48,Mapping!A:A,Mapping!B:B,"CHECK") -> General cargo | C48: 2326 | D48: mpp | E48: =IF(B48="Chemical tanker", IF(C48<5000,"0-4999", IF(C48<10000,"5000-9999", IF(C48<20000,"10000-19999","20000-+"))), IF(B48="Oil tanker", IF(C48<5000,"0-4999", IF(C48<10000,"5000-9999", IF(C48<20000,"10000-19999", IF(C48<60000,"20000-59999", IF(C48<80000,"60000-79999", IF(C48<120000,"80000-119999", IF(C48<200000,"120000-199999","200000-+"))))))), IF(B48="General cargo", IF(C48<5000,"0-4999", IF(C48<10000,"5000-9999","10000-+")), IF(B48="Bulk carrier", IF(C48<10000,"0-9999", IF(C48<35000,"10000-34999", IF(C48<60000,"35000-59999", IF(C48<100000,"60000-99999", IF(C48<200000,"100000-199999","200000-+"))))), IF(B48="LNG carrier", IF(C48<100000,"0-99999", IF(C48<150000,"100000-149999","150000-+")), "CHECK"))))) -> 0-4999 | F48: =B48&"|"&E48 -> General cargo|0-4999 | G48: =_xlfn.XLOOKUP(F48,Mapping!H:H,Mapping!G:G,"CHECK") -> 2148.7943
A49: JOVIAN | B49: =_xlfn.XLOOKUP(D49,Mapping!A:A,Mapping!B:B,"CHECK") -> Chemical tanker | C49: 20601 | D49: chemical | E49: =IF(B49="Chemical tanker", IF(C49<5000,"0-4999", IF(C49<10000,"5000-9999", IF(C49<20000,"10000-19999","20000-+"))), IF(B49="Oil tanker", IF(C49<5000,"0-4999", IF(C49<10000,"5000-9999", IF(C49<20000,"10000-19999", IF(C49<60000,"20000-59999", IF(C49<80000,"60000-79999", IF(C49<120000,"80000-119999", IF(C49<200000,"120000-199999","200000-+"))))))), IF(B49="General cargo", IF(C49<5000,"0-4999", IF(C49<10000,"5000-9999","10000-+")), IF(B49="Bulk carrier", IF(C49<10000,"0-9999", IF(C49<35000,"10000-34999", IF(C49<60000,"35000-59999", IF(C49<100000,"60000-99999", IF(C49<200000,"100000-199999","200000-+"))))), IF(B49="LNG carrier", IF(C49<100000,"0-99999", IF(C49<150000,"100000-149999","150000-+")), "CHECK"))))) -> 20000-+ | F49: =B49&"|"&E49 -> Chemical tanker|20000-+ | G49: =_xlfn.XLOOKUP(F49,Mapping!H:H,Mapping!G:G,"CHECK") -> 20866.017
A50: JOVIAN | B50: =_xlfn.XLOOKUP(D50,Mapping!A:A,Mapping!B:B,"CHECK") -> Chemical tanker | C50: 20601 | D50: chemical | E50: =IF(B50="Chemical tanker", IF(C50<5000,"0-4999", IF(C50<10000,"5000-9999", IF(C50<20000,"10000-19999","20000-+"))), IF(B50="Oil tanker", IF(C50<5000,"0-4999", IF(C50<10000,"5000-9999", IF(C50<20000,"10000-19999", IF(C50<60000,"20000-59999", IF(C50<80000,"60000-79999", IF(C50<120000,"80000-119999", IF(C50<200000,"120000-199999","200000-+"))))))), IF(B50="General cargo", IF(C50<5000,"0-4999", IF(C50<10000,"5000-9999","10000-+")), IF(B50="Bulk carrier", IF(C50<10000,"0-9999", IF(C50<35000,"10000-34999", IF(C50<60000,"35000-59999", IF(C50<100000,"60000-99999", IF(C50<200000,"100000-199999","200000-+"))))), IF(B50="LNG carrier", IF(C50<100000,"0-99999", IF(C50<150000,"100000-149999","150000-+")), "CHECK"))))) -> 20000-+ | F50: =B50&"|"&E50 -> Chemical tanker|20000-+ | G50: =_xlfn.XLOOKUP(F50,Mapping!H:H,Mapping!G:G,"CHECK") -> 20866.017
A51: PETALOUDA | B51: =_xlfn.XLOOKUP(D51,Mapping!A:A,Mapping!B:B,"CHECK") -> Chemical tanker | C51: 47322 | D51: chemoil | E51: =IF(B51="Chemical tanker", IF(C51<5000,"0-4999", IF(C51<10000,"5000-9999", IF(C51<20000,"10000-19999","20000-+"))), IF(B51="Oil tanker", IF(C51<5000,"0-4999", IF(C51<10000,"5000-9999", IF(C51<20000,"10000-19999", IF(C51<60000,"20000-59999", IF(C51<80000,"60000-79999", IF(C51<120000,"80000-119999", IF(C51<200000,"120000-199999","200000-+"))))))), IF(B51="General cargo", IF(C51<5000,"0-4999", IF(C51<10000,"5000-9999","10000-+")), IF(B51="Bulk carrier", IF(C51<10000,"0-9999", IF(C51<35000,"10000-34999", IF(C51<60000,"35000-59999", IF(C51<100000,"60000-99999", IF(C51<200000,"100000-199999","200000-+"))))), IF(B51="LNG carrier", IF(C51<100000,"0-99999", IF(C51<150000,"100000-149999","150000-+")), "CHECK"))))) -> 20000-+ | F51: =B51&"|"&E51 -> Chemical tanker|20000-+ | G51: =_xlfn.XLOOKUP(F51,Mapping!H:H,Mapping!G:G,"CHECK") -> 20866.017
A52: LADY ANASTASIA | B52: =_xlfn.XLOOKUP(D52,Mapping!A:A,Mapping!B:B,"CHECK") -> Bulk carrier | C52: 36845 | D52: dry | E52: =IF(B52="Chemical tanker", IF(C52<5000,"0-4999", IF(C52<10000,"5000-9999", IF(C52<20000,"10000-19999","20000-+"))), IF(B52="Oil tanker", IF(C52<5000,"0-4999", IF(C52<10000,"5000-9999", IF(C52<20000,"10000-19999", IF(C52<60000,"20000-59999", IF(C52<80000,"60000-79999", IF(C52<120000,"80000-119999", IF(C52<200000,"120000-199999","200000-+"))))))), IF(B52="General cargo", IF(C52<5000,"0-4999", IF(C52<10000,"5000-9999","10000-+")), IF(B52="Bulk carrier", IF(C52<10000,"0-9999", IF(C52<35000,"10000-34999", IF(C52<60000,"35000-59999", IF(C52<100000,"60000-99999", IF(C52<200000,"100000-199999","200000-+"))))), IF(B52="LNG carrier", IF(C52<100000,"0-99999", IF(C52<150000,"100000-149999","150000-+")), "CHECK"))))) -> 35000-59999 | F52: =B52&"|"&E52 -> Bulk carrier|35000-59999 | G52: =_xlfn.XLOOKUP(F52,Mapping!H:H,Mapping!G:G,"CHECK") -> 15035.813
A53: AFRICAN TOUCAN | B53: =_xlfn.XLOOKUP(D53,Mapping!A:A,Mapping!B:B,"CHECK") -> Bulk carrier | C53: 37730 | D53: dry | E53: =IF(B53="Chemical tanker", IF(C53<5000,"0-4999", IF(C53<10000,"5000-9999", IF(C53<20000,"10000-19999","20000-+"))), IF(B53="Oil tanker", IF(C53<5000,"0-4999", IF(C53<10000,"5000-9999", IF(C53<20000,"10000-19999", IF(C53<60000,"20000-59999", IF(C53<80000,"60000-79999", IF(C53<120000,"80000-119999", IF(C53<200000,"120000-199999","200000-+"))))))), IF(B53="General cargo", IF(C53<5000,"0-4999", IF(C53<10000,"5000-9999","10000-+")), IF(B53="Bulk carrier", IF(C53<10000,"0-9999", IF(C53<35000,"10000-34999", IF(C53<60000,"35000-59999", IF(C53<100000,"60000-99999", IF(C53<200000,"100000-199999","200000-+"))))), IF(B53="LNG carrier", IF(C53<100000,"0-99999", IF(C53<150000,"100000-149999","150000-+")), "CHECK"))))) -> 35000-59999 | F53: =B53&"|"&E53 -> Bulk carrier|35000-59999 | G53: =_xlfn.XLOOKUP(F53,Mapping!H:H,Mapping!G:G,"CHECK") -> 15035.813
A54: AFRICAN TOUCAN | B54: =_xlfn.XLOOKUP(D54,Mapping!A:A,Mapping!B:B,"CHECK") -> Bulk carrier | C54: 37730 | D54: dry | E54: =IF(B54="Chemical tanker", IF(C54<5000,"0-4999", IF(C54<10000,"5000-9999", IF(C54<20000,"10000-19999","20000-+"))), IF(B54="Oil tanker", IF(C54<5000,"0-4999", IF(C54<10000,"5000-9999", IF(C54<20000,"10000-19999", IF(C54<60000,"20000-59999", IF(C54<80000,"60000-79999", IF(C54<120000,"80000-119999", IF(C54<200000,"120000-199999","200000-+"))))))), IF(B54="General cargo", IF(C54<5000,"0-4999", IF(C54<10000,"5000-9999","10000-+")), IF(B54="Bulk carrier", IF(C54<10000,"0-9999", IF(C54<35000,"10000-34999", IF(C54<60000,"35000-59999", IF(C54<100000,"60000-99999", IF(C54<200000,"100000-199999","200000-+"))))), IF(B54="LNG carrier", IF(C54<100000,"0-99999", IF(C54<150000,"100000-149999","150000-+")), "CHECK"))))) -> 35000-59999 | F54: =B54&"|"&E54 -> Bulk carrier|35000-59999 | G54: =_xlfn.XLOOKUP(F54,Mapping!H:H,Mapping!G:G,"CHECK") -> 15035.813
A55: AFRICAN RAPTOR | B55: =_xlfn.XLOOKUP(D55,Mapping!A:A,Mapping!B:B,"CHECK") -> Bulk carrier | C55: 61286 | D55: dry | E55: =IF(B55="Chemical tanker", IF(C55<5000,"0-4999", IF(C55<10000,"5000-9999", IF(C55<20000,"10000-19999","20000-+"))), IF(B55="Oil tanker", IF(C55<5000,"0-4999", IF(C55<10000,"5000-9999", IF(C55<20000,"10000-19999", IF(C55<60000,"20000-59999", IF(C55<80000,"60000-79999", IF(C55<120000,"80000-119999", IF(C55<200000,"120000-199999","200000-+"))))))), IF(B55="General cargo", IF(C55<5000,"0-4999", IF(C55<10000,"5000-9999","10000-+")), IF(B55="Bulk carrier", IF(C55<10000,"0-9999", IF(C55<35000,"10000-34999", IF(C55<60000,"35000-59999", IF(C55<100000,"60000-99999", IF(C55<200000,"100000-199999","200000-+"))))), IF(B55="LNG carrier", IF(C55<100000,"0-99999", IF(C55<150000,"100000-149999","150000-+")), "CHECK"))))) -> 60000-99999 | F55: =B55&"|"&E55 -> Bulk carrier|60000-99999 | G55: =_xlfn.XLOOKUP(F55,Mapping!H:H,Mapping!G:G,"CHECK") -> 21117.137
A56: AFRICAN RAPTOR | B56: =_xlfn.XLOOKUP(D56,Mapping!A:A,Mapping!B:B,"CHECK") -> Bulk carrier | C56: 61286 | D56: dry | E56: =IF(B56="Chemical tanker", IF(C56<5000,"0-4999", IF(C56<10000,"5000-9999", IF(C56<20000,"10000-19999","20000-+"))), IF(B56="Oil tanker", IF(C56<5000,"0-4999", IF(C56<10000,"5000-9999", IF(C56<20000,"10000-19999", IF(C56<60000,"20000-59999", IF(C56<80000,"60000-79999", IF(C56<120000,"80000-119999", IF(C56<200000,"120000-199999","200000-+"))))))), IF(B56="General cargo", IF(C56<5000,"0-4999", IF(C56<10000,"5000-9999","10000-+")), IF(B56="Bulk carrier", IF(C56<10000,"0-9999", IF(C56<35000,"10000-34999", IF(C56<60000,"35000-59999", IF(C56<100000,"60000-99999", IF(C56<200000,"100000-199999","200000-+"))))), IF(B56="LNG carrier", IF(C56<100000,"0-99999", IF(C56<150000,"100000-149999","150000-+")), "CHECK"))))) -> 60000-99999 | F56: =B56&"|"&E56 -> Bulk carrier|60000-99999 | G56: =_xlfn.XLOOKUP(F56,Mapping!H:H,Mapping!G:G,"CHECK") -> 21117.137
A57: AFRICAN AVOCET | B57: =_xlfn.XLOOKUP(D57,Mapping!A:A,Mapping!B:B,"CHECK") -> Bulk carrier | C57: 61328 | D57: dry | E57: =IF(B57="Chemical tanker", IF(C57<5000,"0-4999", IF(C57<10000,"5000-9999", IF(C57<20000,"10000-19999","20000-+"))), IF(B57="Oil tanker", IF(C57<5000,"0-4999", IF(C57<10000,"5000-9999", IF(C57<20000,"10000-19999", IF(C57<60000,"20000-59999", IF(C57<80000,"60000-79999", IF(C57<120000,"80000-119999", IF(C57<200000,"120000-199999","200000-+"))))))), IF(B57="General cargo", IF(C57<5000,"0-4999", IF(C57<10000,"5000-9999","10000-+")), IF(B57="Bulk carrier", IF(C57<10000,"0-9999", IF(C57<35000,"10000-34999", IF(C57<60000,"35000-59999", IF(C57<100000,"60000-99999", IF(C57<200000,"100000-199999","200000-+"))))), IF(B57="LNG carrier", IF(C57<100000,"0-99999", IF(C57<150000,"100000-149999","150000-+")), "CHECK"))))) -> 60000-99999 | F57: =B57&"|"&E57 -> Bulk carrier|60000-99999 | G57: =_xlfn.XLOOKUP(F57,Mapping!H:H,Mapping!G:G,"CHECK") -> 21117.137
A58: ASTRO NEMBUS | B58: =_xlfn.XLOOKUP(D58,Mapping!A:A,Mapping!B:B,"CHECK") -> Bulk carrier | C58: 63510 | D58: dry | E58: =IF(B58="Chemical tanker", IF(C58<5000,"0-4999", IF(C58<10000,"5000-9999", IF(C58<20000,"10000-19999","20000-+"))), IF(B58="Oil tanker", IF(C58<5000,"0-4999", IF(C58<10000,"5000-9999", IF(C58<20000,"10000-19999", IF(C58<60000,"20000-59999", IF(C58<80000,"60000-79999", IF(C58<120000,"80000-119999", IF(C58<200000,"120000-199999","200000-+"))))))), IF(B58="General cargo", IF(C58<5000,"0-4999", IF(C58<10000,"5000-9999","10000-+")), IF(B58="Bulk carrier", IF(C58<10000,"0-9999", IF(C58<35000,"10000-34999", IF(C58<60000,"35000-59999", IF(C58<100000,"60000-99999", IF(C58<200000,"100000-199999","200000-+"))))), IF(B58="LNG carrier", IF(C58<100000,"0-99999", IF(C58<150000,"100000-149999","150000-+")), "CHECK"))))) -> 60000-99999 | F58: =B58&"|"&E58 -> Bulk carrier|60000-99999 | G58: =_xlfn.XLOOKUP(F58,Mapping!H:H,Mapping!G:G,"CHECK") -> 21117.137
A59: ASTRO NEMBUS | B59: =_xlfn.XLOOKUP(D59,Mapping!A:A,Mapping!B:B,"CHECK") -> Bulk carrier | C59: 63510 | D59: dry | E59: =IF(B59="Chemical tanker", IF(C59<5000,"0-4999", IF(C59<10000,"5000-9999", IF(C59<20000,"10000-19999","20000-+"))), IF(B59="Oil tanker", IF(C59<5000,"0-4999", IF(C59<10000,"5000-9999", IF(C59<20000,"10000-19999", IF(C59<60000,"20000-59999", IF(C59<80000,"60000-79999", IF(C59<120000,"80000-119999", IF(C59<200000,"120000-199999","200000-+"))))))), IF(B59="General cargo", IF(C59<5000,"0-4999", IF(C59<10000,"5000-9999","10000-+")), IF(B59="Bulk carrier", IF(C59<10000,"0-9999", IF(C59<35000,"10000-34999", IF(C59<60000,"35000-59999", IF(C59<100000,"60000-99999", IF(C59<200000,"100000-199999","200000-+"))))), IF(B59="LNG carrier", IF(C59<100000,"0-99999", IF(C59<150000,"100000-149999","150000-+")), "CHECK"))))) -> 60000-99999 | F59: =B59&"|"&E59 -> Bulk carrier|60000-99999 | G59: =_xlfn.XLOOKUP(F59,Mapping!H:H,Mapping!G:G,"CHECK") -> 21117.137
... A64: CMA CGM MARCO POLO | B64: =_xlfn.XLOOKUP(D64,Mapping!A:A,Mapping!B:B,"CHECK") -> General cargo | C64: 187625 | D64: liner | E64: =IF(B64="Chemical tanker", IF(C64<5000,"0-4999", IF(C64<10000,"5000-9999", IF(C64<20000,"10000-19999","20000-+"))), IF(B64="Oil tanker", IF(C64<5000,"0-4999", IF(C64<10000,"5000-9999", IF(C64<20000,"10000-19999", IF(C64<60000,"20000-59999", IF(C64<80000,"60000-79999", IF(C64<120000,"80000-119999", IF(C64<200000,"120000-199999","200000-+"))))))), IF(B64="General cargo", IF(C64<5000,"0-4999", IF(C64<10000,"5000-9999","10000-+")), IF(B64="Bulk carrier", IF(C64<10000,"0-9999", IF(C64<35000,"10000-34999", IF(C64<60000,"35000-59999", IF(C64<100000,"60000-99999", IF(C64<200000,"100000-199999","200000-+"))))), IF(B64="LNG carrier", IF(C64<100000,"0-99999", IF(C64<150000,"100000-149999","150000-+")), "CHECK"))))) -> 10000-+ | F64: =B64&"|"&E64 -> General cargo|10000-+ | G64: =_xlfn.XLOOKUP(F64,Mapping!H:H,Mapping!G:G,"CHECK") -> 14853.494
A65: LUSAIL | B65: =_xlfn.XLOOKUP(D65,Mapping!A:A,Mapping!B:B,"CHECK") -> Other liquids tankers | C65: 78489 | D65: lng | E65: =IF(B65="Chemical tanker", IF(C65<5000,"0-4999", IF(C65<10000,"5000-9999", IF(C65<20000,"10000-19999","20000-+"))), IF(B65="Oil tanker", IF(C65<5000,"0-4999", IF(C65<10000,"5000-9999", IF(C65<20000,"10000-19999", IF(C65<60000,"20000-59999", IF(C65<80000,"60000-79999", IF(C65<120000,"80000-119999", IF(C65<200000,"120000-199999","200000-+"))))))), IF(B65="General cargo", IF(C65<5000,"0-4999", IF(C65<10000,"5000-9999","10000-+")), IF(B65="Bulk carrier", IF(C65<10000,"0-9999", IF(C65<35000,"10000-34999", IF(C65<60000,"35000-59999", IF(C65<100000,"60000-99999", IF(C65<200000,"100000-199999","200000-+"))))), IF(B65="LNG carrier", IF(C65<100000,"0-99999", IF(C65<150000,"100000-149999","150000-+")), "CHECK"))))) -> CHECK | F65: =B65&"|"&E65 -> Other liquids tankers|CHECK | G65: =_xlfn.XLOOKUP(F65,Mapping!H:H,Mapping!G:G,_xlfn.NUMBERVALUE(6663.83312179978)) -> 6663.8331
A66: LUSAIL | B66: =_xlfn.XLOOKUP(D66,Mapping!A:A,Mapping!B:B,"CHECK") -> Other liquids tankers | C66: 78489 | D66: lng | E66: =IF(B66="Chemical tanker", IF(C66<5000,"0-4999", IF(C66<10000,"5000-9999", IF(C66<20000,"10000-19999","20000-+"))), IF(B66="Oil tanker", IF(C66<5000,"0-4999", IF(C66<10000,"5000-9999", IF(C66<20000,"10000-19999", IF(C66<60000,"20000-59999", IF(C66<80000,"60000-79999", IF(C66<120000,"80000-119999", IF(C66<200000,"120000-199999","200000-+"))))))), IF(B66="General cargo", IF(C66<5000,"0-4999", IF(C66<10000,"5000-9999","10000-+")), IF(B66="Bulk carrier", IF(C66<10000,"0-9999", IF(C66<35000,"10000-34999", IF(C66<60000,"35000-59999", IF(C66<100000,"60000-99999", IF(C66<200000,"100000-199999","200000-+"))))), IF(B66="LNG carrier", IF(C66<100000,"0-99999", IF(C66<150000,"100000-149999","150000-+")), "CHECK"))))) -> CHECK | F66: =B66&"|"&E66 -> Other liquids tankers|CHECK | G66: =_xlfn.XLOOKUP(F66,Mapping!H:H,Mapping!G:G,_xlfn.NUMBERVALUE(6663.83312179978)) -> 6663.8331
A67: AL THAKHIRA | B67: =_xlfn.XLOOKUP(D67,Mapping!A:A,Mapping!B:B,"CHECK") -> Other liquids tankers | C67: 78542 | D67: lng | E67: =IF(B67="Chemical tanker", IF(C67<5000,"0-4999", IF(C67<10000,"5000-9999", IF(C67<20000,"10000-19999","20000-+"))), IF(B67="Oil tanker", IF(C67<5000,"0-4999", IF(C67<10000,"5000-9999", IF(C67<20000,"10000-19999", IF(C67<60000,"20000-59999", IF(C67<80000,"60000-79999", IF(C67<120000,"80000-119999", IF(C67<200000,"120000-199999","200000-+"))))))), IF(B67="General cargo", IF(C67<5000,"0-4999", IF(C67<10000,"5000-9999","10000-+")), IF(B67="Bulk carrier", IF(C67<10000,"0-9999", IF(C67<35000,"10000-34999", IF(C67<60000,"35000-59999", IF(C67<100000,"60000-99999", IF(C67<200000,"100000-199999","200000-+"))))), IF(B67="LNG carrier", IF(C67<100000,"0-99999", IF(C67<150000,"100000-149999","150000-+")), "CHECK"))))) -> CHECK | F67: =B67&"|"&E67 -> Other liquids tankers|CHECK | G67: =_xlfn.XLOOKUP(F67,Mapping!H:H,Mapping!G:G,_xlfn.NUMBERVALUE(6663.83312179978)) -> 6663.8331
A68: AL THAKHIRA | B68: =_xlfn.XLOOKUP(D68,Mapping!A:A,Mapping!B:B,"CHECK") -> Other liquids tankers | C68: 78542 | D68: lng | E68: =IF(B68="Chemical tanker", IF(C68<5000,"0-4999", IF(C68<10000,"5000-9999", IF(C68<20000,"10000-19999","20000-+"))), IF(B68="Oil tanker", IF(C68<5000,"0-4999", IF(C68<10000,"5000-9999", IF(C68<20000,"10000-19999", IF(C68<60000,"20000-59999", IF(C68<80000,"60000-79999", IF(C68<120000,"80000-119999", IF(C68<200000,"120000-199999","200000-+"))))))), IF(B68="General cargo", IF(C68<5000,"0-4999", IF(C68<10000,"5000-9999","10000-+")), IF(B68="Bulk carrier", IF(C68<10000,"0-9999", IF(C68<35000,"10000-34999", IF(C68<60000,"35000-59999", IF(C68<100000,"60000-99999", IF(C68<200000,"100000-199999","200000-+"))))), IF(B68="LNG carrier", IF(C68<100000,"0-99999", IF(C68<150000,"100000-149999","150000-+")), "CHECK"))))) -> CHECK | F68: =B68&"|"&E68 -> Other liquids tankers|CHECK | G68: =_xlfn.XLOOKUP(F68,Mapping!H:H,Mapping!G:G,_xlfn.NUMBERVALUE(6663.83312179978)) -> 6663.8331
A69: AL DEEBEL | B69: =_xlfn.XLOOKUP(D69,Mapping!A:A,Mapping!B:B,"CHECK") -> Other liquids tankers | C69: 78594 | D69: lng | E69: =IF(B69="Chemical tanker", IF(C69<5000,"0-4999", IF(C69<10000,"5000-9999", IF(C69<20000,"10000-19999","20000-+"))), IF(B69="Oil tanker", IF(C69<5000,"0-4999", IF(C69<10000,"5000-9999", IF(C69<20000,"10000-19999", IF(C69<60000,"20000-59999", IF(C69<80000,"60000-79999", IF(C69<120000,"80000-119999", IF(C69<200000,"120000-199999","200000-+"))))))), IF(B69="General cargo", IF(C69<5000,"0-4999", IF(C69<10000,"5000-9999","10000-+")), IF(B69="Bulk carrier", IF(C69<10000,"0-9999", IF(C69<35000,"10000-34999", IF(C69<60000,"35000-59999", IF(C69<100000,"60000-99999", IF(C69<200000,"100000-199999","200000-+"))))), IF(B69="LNG carrier", IF(C69<100000,"0-99999", IF(C69<150000,"100000-149999","150000-+")), "CHECK"))))) -> CHECK | F69: =B69&"|"&E69 -> Other liquids tankers|CHECK | G69: =_xlfn.XLOOKUP(F69,Mapping!H:H,Mapping!G:G,_xlfn.NUMBERVALUE(6663.83312179978)) -> 6663.8331
A70: AL KHARSAAH | B70: =_xlfn.XLOOKUP(D70,Mapping!A:A,Mapping!B:B,"CHECK") -> Other liquids tankers | C70: 116268 | D70: lng | E70: =IF(B70="Chemical tanker", IF(C70<5000,"0-4999", IF(C70<10000,"5000-9999", IF(C70<20000,"10000-19999","20000-+"))), IF(B70="Oil tanker", IF(C70<5000,"0-4999", IF(C70<10000,"5000-9999", IF(C70<20000,"10000-19999", IF(C70<60000,"20000-59999", IF(C70<80000,"60000-79999", IF(C70<120000,"80000-119999", IF(C70<200000,"120000-199999","200000-+"))))))), IF(B70="General cargo", IF(C70<5000,"0-4999", IF(C70<10000,"5000-9999","10000-+")), IF(B70="Bulk carrier", IF(C70<10000,"0-9999", IF(C70<35000,"10000-34999", IF(C70<60000,"35000-59999", IF(C70<100000,"60000-99999", IF(C70<200000,"100000-199999","200000-+"))))), IF(B70="LNG carrier", IF(C70<100000,"0-99999", IF(C70<150000,"100000-149999","150000-+")), "CHECK"))))) -> CHECK | F70: =B70&"|"&E70 -> Other liquids tankers|CHECK | G70: =_xlfn.XLOOKUP(F70,Mapping!H:H,Mapping!G:G,_xlfn.NUMBERVALUE(6663.83312179978)) -> 6663.8331
A71: DUHAIL | B71: =_xlfn.XLOOKUP(D71,Mapping!A:A,Mapping!B:B,"CHECK") -> Other liquids tankers | C71: 121639 | D71: lng | E71: =IF(B71="Chemical tanker", IF(C71<5000,"0-4999", IF(C71<10000,"5000-9999", IF(C71<20000,"10000-19999","20000-+"))), IF(B71="Oil tanker", IF(C71<5000,"0-4999", IF(C71<10000,"5000-9999", IF(C71<20000,"10000-19999", IF(C71<60000,"20000-59999", IF(C71<80000,"60000-79999", IF(C71<120000,"80000-119999", IF(C71<200000,"120000-199999","200000-+"))))))), IF(B71="General cargo", IF(C71<5000,"0-4999", IF(C71<10000,"5000-9999","10000-+")), IF(B71="Bulk carrier", IF(C71<10000,"0-9999", IF(C71<35000,"10000-34999", IF(C71<60000,"35000-59999", IF(C71<100000,"60000-99999", IF(C71<200000,"100000-199999","200000-+"))))), IF(B71="LNG carrier", IF(C71<100000,"0-99999", IF(C71<150000,"100000-149999","150000-+")), "CHECK"))))) -> CHECK | F71: =B71&"|"&E71 -> Other liquids tankers|CHECK | G71: =_xlfn.XLOOKUP(F71,Mapping!H:H,Mapping!G:G,_xlfn.NUMBERVALUE(6663.83312179978)) -> 6663.8331
A72: AFRICAN KESTREL | B72: =_xlfn.XLOOKUP(D72,Mapping!A:A,Mapping!B:B,"CHECK") -> General cargo | C72: 37787 | D72: mpp | E72: =IF(B72="Chemical tanker", IF(C72<5000,"0-4999", IF(C72<10000,"5000-9999", IF(C72<20000,"10000-19999","20000-+"))), IF(B72="Oil tanker", IF(C72<5000,"0-4999", IF(C72<10000,"5000-9999", IF(C72<20000,"10000-19999", IF(C72<60000,"20000-59999", IF(C72<80000,"60000-79999", IF(C72<120000,"80000-119999", IF(C72<200000,"120000-199999","200000-+"))))))), IF(B72="General cargo", IF(C72<5000,"0-4999", IF(C72<10000,"5000-9999","10000-+")), IF(B72="Bulk carrier", IF(C72<10000,"0-9999", IF(C72<35000,"10000-34999", IF(C72<60000,"35000-59999", IF(C72<100000,"60000-99999", IF(C72<200000,"100000-199999","200000-+"))))), IF(B72="LNG carrier", IF(C72<100000,"0-99999", IF(C72<150000,"100000-149999","150000-+")), "CHECK"))))) -> 10000-+ | F72: =B72&"|"&E72 -> General cargo|10000-+ | G72: =_xlfn.XLOOKUP(F72,Mapping!H:H,Mapping!G:G,"CHECK") -> 14853.494
A73: SAGA HORIZON | B73: =_xlfn.XLOOKUP(D73,Mapping!A:A,Mapping!B:B,"CHECK") -> General cargo | C73: 47016 | D73: mpp | E73: =IF(B73="Chemical tanker", IF(C73<5000,"0-4999", IF(C73<10000,"5000-9999", IF(C73<20000,"10000-19999","20000-+"))), IF(B73="Oil tanker", IF(C73<5000,"0-4999", IF(C73<10000,"5000-9999", IF(C73<20000,"10000-19999", IF(C73<60000,"20000-59999", IF(C73<80000,"60000-79999", IF(C73<120000,"80000-119999", IF(C73<200000,"120000-199999","200000-+"))))))), IF(B73="General cargo", IF(C73<5000,"0-4999", IF(C73<10000,"5000-9999","10000-+")), IF(B73="Bulk carrier", IF(C73<10000,"0-9999", IF(C73<35000,"10000-34999", IF(C73<60000,"35000-59999", IF(C73<100000,"60000-99999", IF(C73<200000,"100000-199999","200000-+"))))), IF(B73="LNG carrier", IF(C73<100000,"0-99999", IF(C73<150000,"100000-149999","150000-+")), "CHECK"))))) -> 10000-+ | F73: =B73&"|"&E73 -> General cargo|10000-+ | G73: =_xlfn.XLOOKUP(F73,Mapping!H:H,Mapping!G:G,"CHECK") -> 14853.494
A74: SWIFT ACE | B74: =_xlfn.XLOOKUP(D74,Mapping!A:A,Mapping!B:B,"CHECK") -> General cargo | C74: 18865 | D74: pctc | E74: =IF(B74="Chemical tanker", IF(C74<5000,"0-4999", IF(C74<10000,"5000-9999", IF(C74<20000,"10000-19999","20000-+"))), IF(B74="Oil tanker", IF(C74<5000,"0-4999", IF(C74<10000,"5000-9999", IF(C74<20000,"10000-19999", IF(C74<60000,"20000-59999", IF(C74<80000,"60000-79999", IF(C74<120000,"80000-119999", IF(C74<200000,"120000-199999","200000-+"))))))), IF(B74="General cargo", IF(C74<5000,"0-4999", IF(C74<10000,"5000-9999","10000-+")), IF(B74="Bulk carrier", IF(C74<10000,"0-9999", IF(C74<35000,"10000-34999", IF(C74<60000,"35000-59999", IF(C74<100000,"60000-99999", IF(C74<200000,"100000-199999","200000-+"))))), IF(B74="LNG carrier", IF(C74<100000,"0-99999", IF(C74<150000,"100000-149999","150000-+")), "CHECK"))))) -> 10000-+ | F74: =B74&"|"&E74 -> General cargo|10000-+ | G74: =_xlfn.XLOOKUP(F74,Mapping!H:H,Mapping!G:G,"CHECK") -> 14853.494
A75: LYRIC MAGNOLIA | B75: =_xlfn.XLOOKUP(D75,Mapping!A:A,Mapping!B:B,"CHECK") -> Oil tanker | C75: 109999 | D75: tanker | E75: =IF(B75="Chemical tanker", IF(C75<5000,"0-4999", IF(C75<10000,"5000-9999", IF(C75<20000,"10000-19999","20000-+"))), IF(B75="Oil tanker", IF(C75<5000,"0-4999", IF(C75<10000,"5000-9999", IF(C75<20000,"10000-19999", IF(C75<60000,"20000-59999", IF(C75<80000,"60000-79999", IF(C75<120000,"80000-119999", IF(C75<200000,"120000-199999","200000-+"))))))), IF(B75="General cargo", IF(C75<5000,"0-4999", IF(C75<10000,"5000-9999","10000-+")), IF(B75="Bulk carrier", IF(C75<10000,"0-9999", IF(C75<35000,"10000-34999", IF(C75<60000,"35000-59999", IF(C75<100000,"60000-99999", IF(C75<200000,"100000-199999","200000-+"))))), IF(B75="LNG carrier", IF(C75<100000,"0-99999", IF(C75<150000,"100000-149999","150000-+")), "CHECK"))))) -> 80000-119999 | F75: =B75&"|"&E75 -> Oil tanker|80000-119999 | G75: =_xlfn.XLOOKUP(F75,Mapping!H:H,Mapping!G:G,"CHECK") -> 28821.516
A76: LYRIC MAGNOLIA | B76: =_xlfn.XLOOKUP(D76,Mapping!A:A,Mapping!B:B,"CHECK") -> Oil tanker | C76: 109999 | D76: tanker | E76: =IF(B76="Chemical tanker", IF(C76<5000,"0-4999", IF(C76<10000,"5000-9999", IF(C76<20000,"10000-19999","20000-+"))), IF(B76="Oil tanker", IF(C76<5000,"0-4999", IF(C76<10000,"5000-9999", IF(C76<20000,"10000-19999", IF(C76<60000,"20000-59999", IF(C76<80000,"60000-79999", IF(C76<120000,"80000-119999", IF(C76<200000,"120000-199999","200000-+"))))))), IF(B76="General cargo", IF(C76<5000,"0-4999", IF(C76<10000,"5000-9999","10000-+")), IF(B76="Bulk carrier", IF(C76<10000,"0-9999", IF(C76<35000,"10000-34999", IF(C76<60000,"35000-59999", IF(C76<100000,"60000-99999", IF(C76<200000,"100000-199999","200000-+"))))), IF(B76="LNG carrier", IF(C76<100000,"0-99999", IF(C76<150000,"100000-149999","150000-+")), "CHECK"))))) -> 80000-119999 | F76: =B76&"|"&E76 -> Oil tanker|80000-119999 | G76: =_xlfn.XLOOKUP(F76,Mapping!H:H,Mapping!G:G,"CHECK") -> 28821.516
A77: SONANGOL PORTO AMBOIM | B77: =_xlfn.XLOOKUP(D77,Mapping!A:A,Mapping!B:B,"CHECK") -> Oil tanker | C77: 157639 | D77: tanker | E77: =IF(B77="Chemical tanker", IF(C77<5000,"0-4999", IF(C77<10000,"5000-9999", IF(C77<20000,"10000-19999","20000-+"))), IF(B77="Oil tanker", IF(C77<5000,"0-4999", IF(C77<10000,"5000-9999", IF(C77<20000,"10000-19999", IF(C77<60000,"20000-59999", IF(C77<80000,"60000-79999", IF(C77<120000,"80000-119999", IF(C77<200000,"120000-199999","200000-+"))))))), IF(B77="General cargo", IF(C77<5000,"0-4999", IF(C77<10000,"5000-9999","10000-+")), IF(B77="Bulk carrier", IF(C77<10000,"0-9999", IF(C77<35000,"10000-34999", IF(C77<60000,"35000-59999", IF(C77<100000,"60000-99999", IF(C77<200000,"100000-199999","200000-+"))))), IF(B77="LNG carrier", IF(C77<100000,"0-99999", IF(C77<150000,"100000-149999","150000-+")), "CHECK"))))) -> 120000-199999 | F77: =B77&"|"&E77 -> Oil tanker|120000-199999 | G77: =_xlfn.XLOOKUP(F77,Mapping!H:H,Mapping!G:G,"CHECK") -> 37823.925
A78: SONANGOL PORTO AMBOIM | B78: =_xlfn.XLOOKUP(D78,Mapping!A:A,Mapping!B:B,"CHECK") -> Oil tanker | C78: 157639 | D78: tanker | E78: =IF(B78="Chemical tanker", IF(C78<5000,"0-4999", IF(C78<10000,"5000-9999", IF(C78<20000,"10000-19999","20000-+"))), IF(B78="Oil tanker", IF(C78<5000,"0-4999", IF(C78<10000,"5000-9999", IF(C78<20000,"10000-19999", IF(C78<60000,"20000-59999", IF(C78<80000,"60000-79999", IF(C78<120000,"80000-119999", IF(C78<200000,"120000-199999","200000-+"))))))), IF(B78="General cargo", IF(C78<5000,"0-4999", IF(C78<10000,"5000-9999","10000-+")), IF(B78="Bulk carrier", IF(C78<10000,"0-9999", IF(C78<35000,"10000-34999", IF(C78<60000,"35000-59999", IF(C78<100000,"60000-99999", IF(C78<200000,"100000-199999","200000-+"))))), IF(B78="LNG carrier", IF(C78<100000,"0-99999", IF(C78<150000,"100000-149999","150000-+")), "CHECK"))))) -> 120000-199999 | F78: =B78&"|"&E78 -> Oil tanker|120000-199999 | G78: =_xlfn.XLOOKUP(F78,Mapping!H:H,Mapping!G:G,"CHECK") -> 37823.925
A79: SONANGOL KULUMBIMBI | B79: =_xlfn.XLOOKUP(D79,Mapping!A:A,Mapping!B:B,"CHECK") -> Oil tanker | C79: 157664 | D79: tanker | E79: =IF(B79="Chemical tanker", IF(C79<5000,"0-4999", IF(C79<10000,"5000-9999", IF(C79<20000,"10000-19999","20000-+"))), IF(B79="Oil tanker", IF(C79<5000,"0-4999", IF(C79<10000,"5000-9999", IF(C79<20000,"10000-19999", IF(C79<60000,"20000-59999", IF(C79<80000,"60000-79999", IF(C79<120000,"80000-119999", IF(C79<200000,"120000-199999","200000-+"))))))), IF(B79="General cargo", IF(C79<5000,"0-4999", IF(C79<10000,"5000-9999","10000-+")), IF(B79="Bulk carrier", IF(C79<10000,"0-9999", IF(C79<35000,"10000-34999", IF(C79<60000,"35000-59999", IF(C79<100000,"60000-99999", IF(C79<200000,"100000-199999","200000-+"))))), IF(B79="LNG carrier", IF(C79<100000,"0-99999", IF(C79<150000,"100000-149999","150000-+")), "CHECK"))))) -> 120000-199999 | F79: =B79&"|"&E79 -> Oil tanker|120000-199999 | G79: =_xlfn.XLOOKUP(F79,Mapping!H:H,Mapping!G:G,"CHECK") -> 37823.925
A80: SONANGOL NAMIBE | B80: =_xlfn.XLOOKUP(D80,Mapping!A:A,Mapping!B:B,"CHECK") -> Oil tanker | C80: 158425 | D80: tanker | E80: =IF(B80="Chemical tanker", IF(C80<5000,"0-4999", IF(C80<10000,"5000-9999", IF(C80<20000,"10000-19999","20000-+"))), IF(B80="Oil tanker", IF(C80<5000,"0-4999", IF(C80<10000,"5000-9999", IF(C80<20000,"10000-19999", IF(C80<60000,"20000-59999", IF(C80<80000,"60000-79999", IF(C80<120000,"80000-119999", IF(C80<200000,"120000-199999","200000-+"))))))), IF(B80="General cargo", IF(C80<5000,"0-4999", IF(C80<10000,"5000-9999","10000-+")), IF(B80="Bulk carrier", IF(C80<10000,"0-9999", IF(C80<35000,"10000-34999", IF(C80<60000,"35000-59999", IF(C80<100000,"60000-99999", IF(C80<200000,"100000-199999","200000-+"))))), IF(B80="LNG carrier", IF(C80<100000,"0-99999", IF(C80<150000,"100000-149999","150000-+")), "CHECK"))))) -> 120000-199999 | F80: =B80&"|"&E80 -> Oil tanker|120000-199999 | G80: =_xlfn.XLOOKUP(F80,Mapping!H:H,Mapping!G:G,"CHECK") -> 37823.925
A81: NORDIC VEGA | B81: =_xlfn.XLOOKUP(D81,Mapping!A:A,Mapping!B:B,"CHECK") -> Oil tanker | C81: 164028 | D81: tanker | E81: =IF(B81="Chemical tanker", IF(C81<5000,"0-4999", IF(C81<10000,"5000-9999", IF(C81<20000,"10000-19999","20000-+"))), IF(B81="Oil tanker", IF(C81<5000,"0-4999", IF(C81<10000,"5000-9999", IF(C81<20000,"10000-19999", IF(C81<60000,"20000-59999", IF(C81<80000,"60000-79999", IF(C81<120000,"80000-119999", IF(C81<200000,"120000-199999","200000-+"))))))), IF(B81="General cargo", IF(C81<5000,"0-4999", IF(C81<10000,"5000-9999","10000-+")), IF(B81="Bulk carrier", IF(C81<10000,"0-9999", IF(C81<35000,"10000-34999", IF(C81<60000,"35000-59999", IF(C81<100000,"60000-99999", IF(C81<200000,"100000-199999","200000-+"))))), IF(B81="LNG carrier", IF(C81<100000,"0-99999", IF(C81<150000,"100000-149999","150000-+")), "CHECK"))))) -> 120000-199999 | F81: =B81&"|"&E81 -> Oil tanker|120000-199999 | G81: =_xlfn.XLOOKUP(F81,Mapping!H:H,Mapping!G:G,"CHECK") -> 37823.925
A82: ROZANA | B82: =_xlfn.XLOOKUP(D82,Mapping!A:A,Mapping!B:B,"CHECK") -> Bulk carrier | C82: 47336 | D82: dry | E82: =IF(B82="Chemical tanker", IF(C82<5000,"0-4999", IF(C82<10000,"5000-9999", IF(C82<20000,"10000-19999","20000-+"))), IF(B82="Oil tanker", IF(C82<5000,"0-4999", IF(C82<10000,"5000-9999", IF(C82<20000,"10000-19999", IF(C82<60000,"20000-59999", IF(C82<80000,"60000-79999", IF(C82<120000,"80000-119999", IF(C82<200000,"120000-199999","200000-+"))))))), IF(B82="General cargo", IF(C82<5000,"0-4999", IF(C82<10000,"5000-9999","10000-+")), IF(B82="Bulk carrier", IF(C82<10000,"0-9999", IF(C82<35000,"10000-34999", IF(C82<60000,"35000-59999", IF(C82<100000,"60000-99999", IF(C82<200000,"100000-199999","200000-+"))))), IF(B82="LNG carrier", IF(C82<100000,"0-99999", IF(C82<150000,"100000-149999","150000-+")), "CHECK"))))) -> 35000-59999 | F82: =B82&"|"&E82 -> Bulk carrier|35000-59999 | G82: =_xlfn.XLOOKUP(F82,Mapping!H:H,Mapping!G:G,"CHECK") -> 15035.813
A83: GH KAHLO | B83: =_xlfn.XLOOKUP(D83,Mapping!A:A,Mapping!B:B,"CHECK") -> Bulk carrier | C83: 179816 | D83: dry | E83: =IF(B83="Chemical tanker", IF(C83<5000,"0-4999", IF(C83<10000,"5000-9999", IF(C83<20000,"10000-19999","20000-+"))), IF(B83="Oil tanker", IF(C83<5000,"0-4999", IF(C83<10000,"5000-9999", IF(C83<20000,"10000-19999", IF(C83<60000,"20000-59999", IF(C83<80000,"60000-79999", IF(C83<120000,"80000-119999", IF(C83<200000,"120000-199999","200000-+"))))))), IF(B83="General cargo", IF(C83<5000,"0-4999", IF(C83<10000,"5000-9999","10000-+")), IF(B83="Bulk carrier", IF(C83<10000,"0-9999", IF(C83<35000,"10000-34999", IF(C83<60000,"35000-59999", IF(C83<100000,"60000-99999", IF(C83<200000,"100000-199999","200000-+"))))), IF(B83="LNG carrier", IF(C83<100000,"0-99999", IF(C83<150000,"100000-149999","150000-+")), "CHECK"))))) -> 100000-199999 | F83: =B83&"|"&E83 -> Bulk carrier|100000-199999 | G83: =_xlfn.XLOOKUP(F83,Mapping!H:H,Mapping!G:G,"CHECK") -> 30446.245
... A85: LISBON EXPRESS | B85: =_xlfn.XLOOKUP(D85,Mapping!A:A,Mapping!B:B,"CHECK") -> General cargo | C85: 34330 | D85: liner | E85: =IF(B85="Chemical tanker", IF(C85<5000,"0-4999", IF(C85<10000,"5000-9999", IF(C85<20000,"10000-19999","20000-+"))), IF(B85="Oil tanker", IF(C85<5000,"0-4999", IF(C85<10000,"5000-9999", IF(C85<20000,"10000-19999", IF(C85<60000,"20000-59999", IF(C85<80000,"60000-79999", IF(C85<120000,"80000-119999", IF(C85<200000,"120000-199999","200000-+"))))))), IF(B85="General cargo", IF(C85<5000,"0-4999", IF(C85<10000,"5000-9999","10000-+")), IF(B85="Bulk carrier", IF(C85<10000,"0-9999", IF(C85<35000,"10000-34999", IF(C85<60000,"35000-59999", IF(C85<100000,"60000-99999", IF(C85<200000,"100000-199999","200000-+"))))), IF(B85="LNG carrier", IF(C85<100000,"0-99999", IF(C85<150000,"100000-149999","150000-+")), "CHECK"))))) -> 10000-+ | F85: =B85&"|"&E85 -> General cargo|10000-+ | G85: =_xlfn.XLOOKUP(F85,Mapping!H:H,Mapping!G:G,"CHECK") -> 14853.494
A86: GASLOG SKAGEN | B86: =_xlfn.XLOOKUP(D86,Mapping!A:A,Mapping!B:B,"CHECK") -> Other liquids tankers | C86: 81891 | D86: lng | E86: =IF(B86="Chemical tanker", IF(C86<5000,"0-4999", IF(C86<10000,"5000-9999", IF(C86<20000,"10000-19999","20000-+"))), IF(B86="Oil tanker", IF(C86<5000,"0-4999", IF(C86<10000,"5000-9999", IF(C86<20000,"10000-19999", IF(C86<60000,"20000-59999", IF(C86<80000,"60000-79999", IF(C86<120000,"80000-119999", IF(C86<200000,"120000-199999","200000-+"))))))), IF(B86="General cargo", IF(C86<5000,"0-4999", IF(C86<10000,"5000-9999","10000-+")), IF(B86="Bulk carrier", IF(C86<10000,"0-9999", IF(C86<35000,"10000-34999", IF(C86<60000,"35000-59999", IF(C86<100000,"60000-99999", IF(C86<200000,"100000-199999","200000-+"))))), IF(B86="LNG carrier", IF(C86<100000,"0-99999", IF(C86<150000,"100000-149999","150000-+")), "CHECK"))))) -> CHECK | F86: =B86&"|"&E86 -> Other liquids tankers|CHECK | G86: =_xlfn.XLOOKUP(F86,Mapping!H:H,Mapping!G:G,_xlfn.NUMBERVALUE(6663.83312179978)) -> 6663.8331
A87: GASLOG SHANGHAI | B87: =_xlfn.XLOOKUP(D87,Mapping!A:A,Mapping!B:B,"CHECK") -> Other liquids tankers | C87: 82104 | D87: lng | E87: =IF(B87="Chemical tanker", IF(C87<5000,"0-4999", IF(C87<10000,"5000-9999", IF(C87<20000,"10000-19999","20000-+"))), IF(B87="Oil tanker", IF(C87<5000,"0-4999", IF(C87<10000,"5000-9999", IF(C87<20000,"10000-19999", IF(C87<60000,"20000-59999", IF(C87<80000,"60000-79999", IF(C87<120000,"80000-119999", IF(C87<200000,"120000-199999","200000-+"))))))), IF(B87="General cargo", IF(C87<5000,"0-4999", IF(C87<10000,"5000-9999","10000-+")), IF(B87="Bulk carrier", IF(C87<10000,"0-9999", IF(C87<35000,"10000-34999", IF(C87<60000,"35000-59999", IF(C87<100000,"60000-99999", IF(C87<200000,"100000-199999","200000-+"))))), IF(B87="LNG carrier", IF(C87<100000,"0-99999", IF(C87<150000,"100000-149999","150000-+")), "CHECK"))))) -> CHECK | F87: =B87&"|"&E87 -> Other liquids tankers|CHECK | G87: =_xlfn.XLOOKUP(F87,Mapping!H:H,Mapping!G:G,_xlfn.NUMBERVALUE(6663.83312179978)) -> 6663.8331
A88: GASLOG SHANGHAI | B88: =_xlfn.XLOOKUP(D88,Mapping!A:A,Mapping!B:B,"CHECK") -> Other liquids tankers | C88: 82104 | D88: lng | E88: =IF(B88="Chemical tanker", IF(C88<5000,"0-4999", IF(C88<10000,"5000-9999", IF(C88<20000,"10000-19999","20000-+"))), IF(B88="Oil tanker", IF(C88<5000,"0-4999", IF(C88<10000,"5000-9999", IF(C88<20000,"10000-19999", IF(C88<60000,"20000-59999", IF(C88<80000,"60000-79999", IF(C88<120000,"80000-119999", IF(C88<200000,"120000-199999","200000-+"))))))), IF(B88="General cargo", IF(C88<5000,"0-4999", IF(C88<10000,"5000-9999","10000-+")), IF(B88="Bulk carrier", IF(C88<10000,"0-9999", IF(C88<35000,"10000-34999", IF(C88<60000,"35000-59999", IF(C88<100000,"60000-99999", IF(C88<200000,"100000-199999","200000-+"))))), IF(B88="LNG carrier", IF(C88<100000,"0-99999", IF(C88<150000,"100000-149999","150000-+")), "CHECK"))))) -> CHECK | F88: =B88&"|"&E88 -> Other liquids tankers|CHECK | G88: =_xlfn.XLOOKUP(F88,Mapping!H:H,Mapping!G:G,_xlfn.NUMBERVALUE(6663.83312179978)) -> 6663.8331
A89: NYMPH THETIS | B89: =_xlfn.XLOOKUP(D89,Mapping!A:A,Mapping!B:B,"CHECK") -> Chemical tanker | C89: 17427 | D89: chemical | E89: =IF(B89="Chemical tanker", IF(C89<5000,"0-4999", IF(C89<10000,"5000-9999", IF(C89<20000,"10000-19999","20000-+"))), IF(B89="Oil tanker", IF(C89<5000,"0-4999", IF(C89<10000,"5000-9999", IF(C89<20000,"10000-19999", IF(C89<60000,"20000-59999", IF(C89<80000,"60000-79999", IF(C89<120000,"80000-119999", IF(C89<200000,"120000-199999","200000-+"))))))), IF(B89="General cargo", IF(C89<5000,"0-4999", IF(C89<10000,"5000-9999","10000-+")), IF(B89="Bulk carrier", IF(C89<10000,"0-9999", IF(C89<35000,"10000-34999", IF(C89<60000,"35000-59999", IF(C89<100000,"60000-99999", IF(C89<200000,"100000-199999","200000-+"))))), IF(B89="LNG carrier", IF(C89<100000,"0-99999", IF(C89<150000,"100000-149999","150000-+")), "CHECK"))))) -> 10000-19999 | F89: =B89&"|"&E89 -> Chemical tanker|10000-19999 | G89: =_xlfn.XLOOKUP(F89,Mapping!H:H,Mapping!G:G,"CHECK") -> 12170.969
A90: NYMPH THETIS | B90: =_xlfn.XLOOKUP(D90,Mapping!A:A,Mapping!B:B,"CHECK") -> Chemical tanker | C90: 17427 | D90: chemical | E90: =IF(B90="Chemical tanker", IF(C90<5000,"0-4999", IF(C90<10000,"5000-9999", IF(C90<20000,"10000-19999","20000-+"))), IF(B90="Oil tanker", IF(C90<5000,"0-4999", IF(C90<10000,"5000-9999", IF(C90<20000,"10000-19999", IF(C90<60000,"20000-59999", IF(C90<80000,"60000-79999", IF(C90<120000,"80000-119999", IF(C90<200000,"120000-199999","200000-+"))))))), IF(B90="General cargo", IF(C90<5000,"0-4999", IF(C90<10000,"5000-9999","10000-+")), IF(B90="Bulk carrier", IF(C90<10000,"0-9999", IF(C90<35000,"10000-34999", IF(C90<60000,"35000-59999", IF(C90<100000,"60000-99999", IF(C90<200000,"100000-199999","200000-+"))))), IF(B90="LNG carrier", IF(C90<100000,"0-99999", IF(C90<150000,"100000-149999","150000-+")), "CHECK"))))) -> 10000-19999 | F90: =B90&"|"&E90 -> Chemical tanker|10000-19999 | G90: =_xlfn.XLOOKUP(F90,Mapping!H:H,Mapping!G:G,"CHECK") -> 12170.969
A91: NYMPH THETIS | B91: =_xlfn.XLOOKUP(D91,Mapping!A:A,Mapping!B:B,"CHECK") -> Chemical tanker | C91: 17427 | D91: chemical | E91: =IF(B91="Chemical tanker", IF(C91<5000,"0-4999", IF(C91<10000,"5000-9999", IF(C91<20000,"10000-19999","20000-+"))), IF(B91="Oil tanker", IF(C91<5000,"0-4999", IF(C91<10000,"5000-9999", IF(C91<20000,"10000-19999", IF(C91<60000,"20000-59999", IF(C91<80000,"60000-79999", IF(C91<120000,"80000-119999", IF(C91<200000,"120000-199999","200000-+"))))))), IF(B91="General cargo", IF(C91<5000,"0-4999", IF(C91<10000,"5000-9999","10000-+")), IF(B91="Bulk carrier", IF(C91<10000,"0-9999", IF(C91<35000,"10000-34999", IF(C91<60000,"35000-59999", IF(C91<100000,"60000-99999", IF(C91<200000,"100000-199999","200000-+"))))), IF(B91="LNG carrier", IF(C91<100000,"0-99999", IF(C91<150000,"100000-149999","150000-+")), "CHECK"))))) -> 10000-19999 | F91: =B91&"|"&E91 -> Chemical tanker|10000-19999 | G91: =_xlfn.XLOOKUP(F91,Mapping!H:H,Mapping!G:G,"CHECK") -> 12170.969
A92: LUCKY | B92: =_xlfn.XLOOKUP(D92,Mapping!A:A,Mapping!B:B,"CHECK") -> Chemical tanker | C92: 36031 | D92: chemoil | E92: =IF(B92="Chemical tanker", IF(C92<5000,"0-4999", IF(C92<10000,"5000-9999", IF(C92<20000,"10000-19999","20000-+"))), IF(B92="Oil tanker", IF(C92<5000,"0-4999", IF(C92<10000,"5000-9999", IF(C92<20000,"10000-19999", IF(C92<60000,"20000-59999", IF(C92<80000,"60000-79999", IF(C92<120000,"80000-119999", IF(C92<200000,"120000-199999","200000-+"))))))), IF(B92="General cargo", IF(C92<5000,"0-4999", IF(C92<10000,"5000-9999","10000-+")), IF(B92="Bulk carrier", IF(C92<10000,"0-9999", IF(C92<35000,"10000-34999", IF(C92<60000,"35000-59999", IF(C92<100000,"60000-99999", IF(C92<200000,"100000-199999","200000-+"))))), IF(B92="LNG carrier", IF(C92<100000,"0-99999", IF(C92<150000,"100000-149999","150000-+")), "CHECK"))))) -> 20000-+ | F92: =B92&"|"&E92 -> Chemical tanker|20000-+ | G92: =_xlfn.XLOOKUP(F92,Mapping!H:H,Mapping!G:G,"CHECK") -> 20866.017
A93: LUCKY | B93: =_xlfn.XLOOKUP(D93,Mapping!A:A,Mapping!B:B,"CHECK") -> Chemical tanker | C93: 36031 | D93: chemoil | E93: =IF(B93="Chemical tanker", IF(C93<5000,"0-4999", IF(C93<10000,"5000-9999", IF(C93<20000,"10000-19999","20000-+"))), IF(B93="Oil tanker", IF(C93<5000,"0-4999", IF(C93<10000,"5000-9999", IF(C93<20000,"10000-19999", IF(C93<60000,"20000-59999", IF(C93<80000,"60000-79999", IF(C93<120000,"80000-119999", IF(C93<200000,"120000-199999","200000-+"))))))), IF(B93="General cargo", IF(C93<5000,"0-4999", IF(C93<10000,"5000-9999","10000-+")), IF(B93="Bulk carrier", IF(C93<10000,"0-9999", IF(C93<35000,"10000-34999", IF(C93<60000,"35000-59999", IF(C93<100000,"60000-99999", IF(C93<200000,"100000-199999","200000-+"))))), IF(B93="LNG carrier", IF(C93<100000,"0-99999", IF(C93<150000,"100000-149999","150000-+")), "CHECK"))))) -> 20000-+ | F93: =B93&"|"&E93 -> Chemical tanker|20000-+ | G93: =_xlfn.XLOOKUP(F93,Mapping!H:H,Mapping!G:G,"CHECK") -> 20866.017
A94: ALFONSO | B94: =_xlfn.XLOOKUP(D94,Mapping!A:A,Mapping!B:B,"CHECK") -> Chemical tanker | C94: 38877 | D94: chemoil | E94: =IF(B94="Chemical tanker", IF(C94<5000,"0-4999", IF(C94<10000,"5000-9999", IF(C94<20000,"10000-19999","20000-+"))), IF(B94="Oil tanker", IF(C94<5000,"0-4999", IF(C94<10000,"5000-9999", IF(C94<20000,"10000-19999", IF(C94<60000,"20000-59999", IF(C94<80000,"60000-79999", IF(C94<120000,"80000-119999", IF(C94<200000,"120000-199999","200000-+"))))))), IF(B94="General cargo", IF(C94<5000,"0-4999", IF(C94<10000,"5000-9999","10000-+")), IF(B94="Bulk carrier", IF(C94<10000,"0-9999", IF(C94<35000,"10000-34999", IF(C94<60000,"35000-59999", IF(C94<100000,"60000-99999", IF(C94<200000,"100000-199999","200000-+"))))), IF(B94="LNG carrier", IF(C94<100000,"0-99999", IF(C94<150000,"100000-149999","150000-+")), "CHECK"))))) -> 20000-+ | F94: =B94&"|"&E94 -> Chemical tanker|20000-+ | G94: =_xlfn.XLOOKUP(F94,Mapping!H:H,Mapping!G:G,"CHECK") -> 20866.017
A95: NAVARA | B95: =_xlfn.XLOOKUP(D95,Mapping!A:A,Mapping!B:B,"CHECK") -> Chemical tanker | C95: 40249 | D95: chemoil | E95: =IF(B95="Chemical tanker", IF(C95<5000,"0-4999", IF(C95<10000,"5000-9999", IF(C95<20000,"10000-19999","20000-+"))), IF(B95="Oil tanker", IF(C95<5000,"0-4999", IF(C95<10000,"5000-9999", IF(C95<20000,"10000-19999", IF(C95<60000,"20000-59999", IF(C95<80000,"60000-79999", IF(C95<120000,"80000-119999", IF(C95<200000,"120000-199999","200000-+"))))))), IF(B95="General cargo", IF(C95<5000,"0-4999", IF(C95<10000,"5000-9999","10000-+")), IF(B95="Bulk carrier", IF(C95<10000,"0-9999", IF(C95<35000,"10000-34999", IF(C95<60000,"35000-59999", IF(C95<100000,"60000-99999", IF(C95<200000,"100000-199999","200000-+"))))), IF(B95="LNG carrier", IF(C95<100000,"0-99999", IF(C95<150000,"100000-149999","150000-+")), "CHECK"))))) -> 20000-+ | F95: =B95&"|"&E95 -> Chemical tanker|20000-+ | G95: =_xlfn.XLOOKUP(F95,Mapping!H:H,Mapping!G:G,"CHECK") -> 20866.017
A96: EXPLORER | B96: =_xlfn.XLOOKUP(D96,Mapping!A:A,Mapping!B:B,"CHECK") -> Chemical tanker | C96: 45282 | D96: chemoil | E96: =IF(B96="Chemical tanker", IF(C96<5000,"0-4999", IF(C96<10000,"5000-9999", IF(C96<20000,"10000-19999","20000-+"))), IF(B96="Oil tanker", IF(C96<5000,"0-4999", IF(C96<10000,"5000-9999", IF(C96<20000,"10000-19999", IF(C96<60000,"20000-59999", IF(C96<80000,"60000-79999", IF(C96<120000,"80000-119999", IF(C96<200000,"120000-199999","200000-+"))))))), IF(B96="General cargo", IF(C96<5000,"0-4999", IF(C96<10000,"5000-9999","10000-+")), IF(B96="Bulk carrier", IF(C96<10000,"0-9999", IF(C96<35000,"10000-34999", IF(C96<60000,"35000-59999", IF(C96<100000,"60000-99999", IF(C96<200000,"100000-199999","200000-+"))))), IF(B96="LNG carrier", IF(C96<100000,"0-99999", IF(C96<150000,"100000-149999","150000-+")), "CHECK"))))) -> 20000-+ | F96: =B96&"|"&E96 -> Chemical tanker|20000-+ | G96: =_xlfn.XLOOKUP(F96,Mapping!H:H,Mapping!G:G,"CHECK") -> 20866.017
A97: TARYN EVE | B97: =_xlfn.XLOOKUP(D97,Mapping!A:A,Mapping!B:B,"CHECK") -> Chemical tanker | C97: 47791 | D97: chemoil | E97: =IF(B97="Chemical tanker", IF(C97<5000,"0-4999", IF(C97<10000,"5000-9999", IF(C97<20000,"10000-19999","20000-+"))), IF(B97="Oil tanker", IF(C97<5000,"0-4999", IF(C97<10000,"5000-9999", IF(C97<20000,"10000-19999", IF(C97<60000,"20000-59999", IF(C97<80000,"60000-79999", IF(C97<120000,"80000-119999", IF(C97<200000,"120000-199999","200000-+"))))))), IF(B97="General cargo", IF(C97<5000,"0-4999", IF(C97<10000,"5000-9999","10000-+")), IF(B97="Bulk carrier", IF(C97<10000,"0-9999", IF(C97<35000,"10000-34999", IF(C97<60000,"35000-59999", IF(C97<100000,"60000-99999", IF(C97<200000,"100000-199999","200000-+"))))), IF(B97="LNG carrier", IF(C97<100000,"0-99999", IF(C97<150000,"100000-149999","150000-+")), "CHECK"))))) -> 20000-+ | F97: =B97&"|"&E97 -> Chemical tanker|20000-+ | G97: =_xlfn.XLOOKUP(F97,Mapping!H:H,Mapping!G:G,"CHECK") -> 20866.017
A98: TARYN EVE | B98: =_xlfn.XLOOKUP(D98,Mapping!A:A,Mapping!B:B,"CHECK") -> Chemical tanker | C98: 47791 | D98: chemoil | E98: =IF(B98="Chemical tanker", IF(C98<5000,"0-4999", IF(C98<10000,"5000-9999", IF(C98<20000,"10000-19999","20000-+"))), IF(B98="Oil tanker", IF(C98<5000,"0-4999", IF(C98<10000,"5000-9999", IF(C98<20000,"10000-19999", IF(C98<60000,"20000-59999", IF(C98<80000,"60000-79999", IF(C98<120000,"80000-119999", IF(C98<200000,"120000-199999","200000-+"))))))), IF(B98="General cargo", IF(C98<5000,"0-4999", IF(C98<10000,"5000-9999","10000-+")), IF(B98="Bulk carrier", IF(C98<10000,"0-9999", IF(C98<35000,"10000-34999", IF(C98<60000,"35000-59999", IF(C98<100000,"60000-99999", IF(C98<200000,"100000-199999","200000-+"))))), IF(B98="LNG carrier", IF(C98<100000,"0-99999", IF(C98<150000,"100000-149999","150000-+")), "CHECK"))))) -> 20000-+ | F98: =B98&"|"&E98 -> Chemical tanker|20000-+ | G98: =_xlfn.XLOOKUP(F98,Mapping!H:H,Mapping!G:G,"CHECK") -> 20866.017
A99: LEADER M | B99: =_xlfn.XLOOKUP(D99,Mapping!A:A,Mapping!B:B,"CHECK") -> Bulk carrier | C99: 12235 | D99: dry | E99: =IF(B99="Chemical tanker", IF(C99<5000,"0-4999", IF(C99<10000,"5000-9999", IF(C99<20000,"10000-19999","20000-+"))), IF(B99="Oil tanker", IF(C99<5000,"0-4999", IF(C99<10000,"5000-9999", IF(C99<20000,"10000-19999", IF(C99<60000,"20000-59999", IF(C99<80000,"60000-79999", IF(C99<120000,"80000-119999", IF(C99<200000,"120000-199999","200000-+"))))))), IF(B99="General cargo", IF(C99<5000,"0-4999", IF(C99<10000,"5000-9999","10000-+")), IF(B99="Bulk carrier", IF(C99<10000,"0-9999", IF(C99<35000,"10000-34999", IF(C99<60000,"35000-59999", IF(C99<100000,"60000-99999", IF(C99<200000,"100000-199999","200000-+"))))), IF(B99="LNG carrier", IF(C99<100000,"0-99999", IF(C99<150000,"100000-149999","150000-+")), "CHECK"))))) -> 10000-34999 | F99: =B99&"|"&E99 -> Bulk carrier|10000-34999 | G99: =_xlfn.XLOOKUP(F99,Mapping!H:H,Mapping!G:G,"CHECK") -> 10987.028
A100: CORELIT | B100: =_xlfn.XLOOKUP(D100,Mapping!A:A,Mapping!B:B,"CHECK") -> Bulk carrier | C100: 28189 | D100: dry | E100: =IF(B100="Chemical tanker", IF(C100<5000,"0-4999", IF(C100<10000,"5000-9999", IF(C100<20000,"10000-19999","20000-+"))), IF(B100="Oil tanker", IF(C100<5000,"0-4999", IF(C100<10000,"5000-9999", IF(C100<20000,"10000-19999", IF(C100<60000,"20000-59999", IF(C100<80000,"60000-79999", IF(C100<120000,"80000-119999", IF(C100<200000,"120000-199999","200000-+"))))))), IF(B100="General cargo", IF(C100<5000,"0-4999", IF(C100<10000,"5000-9999","10000-+")), IF(B100="Bulk carrier", IF(C100<10000,"0-9999", IF(C100<35000,"10000-34999", IF(C100<60000,"35000-59999", IF(C100<100000,"60000-99999", IF(C100<200000,"100000-199999","200000-+"))))), IF(B100="LNG carrier", IF(C100<100000,"0-99999", IF(C100<150000,"100000-149999","150000-+")), "CHECK"))))) -> 10000-34999 | F100: =B100&"|"&E100 -> Bulk carrier|10000-34999 | G100: =_xlfn.XLOOKUP(F100,Mapping!H:H,Mapping!G:G,"CHECK") -> 10987.028
... A302: CMA CGM EVERGLADE | B302: =_xlfn.XLOOKUP(D302,Mapping!A:A,Mapping!B:B,"CHECK") -> General cargo | C302: 154348 | D302: liner | E302: =IF(B302="Chemical tanker", IF(C302<5000,"0-4999", IF(C302<10000,"5000-9999", IF(C302<20000,"10000-19999","20000-+"))), IF(B302="Oil tanker", IF(C302<5000,"0-4999", IF(C302<10000,"5000-9999", IF(C302<20000,"10000-19999", IF(C302<60000,"20000-59999", IF(C302<80000,"60000-79999", IF(C302<120000,"80000-119999", IF(C302<200000,"120000-199999","200000-+"))))))), IF(B302="General cargo", IF(C302<5000,"0-4999", IF(C302<10000,"5000-9999","10000-+")), IF(B302="Bulk carrier", IF(C302<10000,"0-9999", IF(C302<35000,"10000-34999", IF(C302<60000,"35000-59999", IF(C302<100000,"60000-99999", IF(C302<200000,"100000-199999","200000-+"))))), IF(B302="LNG carrier", IF(C302<100000,"0-99999", IF(C302<150000,"100000-149999","150000-+")), "CHECK"))))) -> 10000-+ | F302: =B302&"|"&E302 -> General cargo|10000-+ | G302: =_xlfn.XLOOKUP(F302,Mapping!H:H,Mapping!G:G,"CHECK") -> 14853.494
A303: AL ZORE | B303: =_xlfn.XLOOKUP(D303,Mapping!A:A,Mapping!B:B,"CHECK") -> Other liquids tankers | C303: 87405 | D303: lng | E303: =IF(B303="Chemical tanker", IF(C303<5000,"0-4999", IF(C303<10000,"5000-9999", IF(C303<20000,"10000-19999","20000-+"))), IF(B303="Oil tanker", IF(C303<5000,"0-4999", IF(C303<10000,"5000-9999", IF(C303<20000,"10000-19999", IF(C303<60000,"20000-59999", IF(C303<80000,"60000-79999", IF(C303<120000,"80000-119999", IF(C303<200000,"120000-199999","200000-+"))))))), IF(B303="General cargo", IF(C303<5000,"0-4999", IF(C303<10000,"5000-9999","10000-+")), IF(B303="Bulk carrier", IF(C303<10000,"0-9999", IF(C303<35000,"10000-34999", IF(C303<60000,"35000-59999", IF(C303<100000,"60000-99999", IF(C303<200000,"100000-199999","200000-+"))))), IF(B303="LNG carrier", IF(C303<100000,"0-99999", IF(C303<150000,"100000-149999","150000-+")), "CHECK"))))) -> CHECK | F303: =B303&"|"&E303 -> Other liquids tankers|CHECK | G303: =_xlfn.XLOOKUP(F303,Mapping!H:H,Mapping!G:G,_xlfn.NUMBERVALUE(6663.83312179978)) -> 6663.8331
A304: AL ZORE | B304: =_xlfn.XLOOKUP(D304,Mapping!A:A,Mapping!B:B,"CHECK") -> Other liquids tankers | C304: 87405 | D304: lng | E304: =IF(B304="Chemical tanker", IF(C304<5000,"0-4999", IF(C304<10000,"5000-9999", IF(C304<20000,"10000-19999","20000-+"))), IF(B304="Oil tanker", IF(C304<5000,"0-4999", IF(C304<10000,"5000-9999", IF(C304<20000,"10000-19999", IF(C304<60000,"20000-59999", IF(C304<80000,"60000-79999", IF(C304<120000,"80000-119999", IF(C304<200000,"120000-199999","200000-+"))))))), IF(B304="General cargo", IF(C304<5000,"0-4999", IF(C304<10000,"5000-9999","10000-+")), IF(B304="Bulk carrier", IF(C304<10000,"0-9999", IF(C304<35000,"10000-34999", IF(C304<60000,"35000-59999", IF(C304<100000,"60000-99999", IF(C304<200000,"100000-199999","200000-+"))))), IF(B304="LNG carrier", IF(C304<100000,"0-99999", IF(C304<150000,"100000-149999","150000-+")), "CHECK"))))) -> CHECK | F304: =B304&"|"&E304 -> Other liquids tankers|CHECK | G304: =_xlfn.XLOOKUP(F304,Mapping!H:H,Mapping!G:G,_xlfn.NUMBERVALUE(6663.83312179978)) -> 6663.8331
A305: WADI AL SAIL | B305: =_xlfn.XLOOKUP(D305,Mapping!A:A,Mapping!B:B,"CHECK") -> Other liquids tankers | C305: 93124 | D305: lng | E305: =IF(B305="Chemical tanker", IF(C305<5000,"0-4999", IF(C305<10000,"5000-9999", IF(C305<20000,"10000-19999","20000-+"))), IF(B305="Oil tanker", IF(C305<5000,"0-4999", IF(C305<10000,"5000-9999", IF(C305<20000,"10000-19999", IF(C305<60000,"20000-59999", IF(C305<80000,"60000-79999", IF(C305<120000,"80000-119999", IF(C305<200000,"120000-199999","200000-+"))))))), IF(B305="General cargo", IF(C305<5000,"0-4999", IF(C305<10000,"5000-9999","10000-+")), IF(B305="Bulk carrier", IF(C305<10000,"0-9999", IF(C305<35000,"10000-34999", IF(C305<60000,"35000-59999", IF(C305<100000,"60000-99999", IF(C305<200000,"100000-199999","200000-+"))))), IF(B305="LNG carrier", IF(C305<100000,"0-99999", IF(C305<150000,"100000-149999","150000-+")), "CHECK"))))) -> CHECK | F305: =B305&"|"&E305 -> Other liquids tankers|CHECK | G305: =_xlfn.XLOOKUP(F305,Mapping!H:H,Mapping!G:G,_xlfn.NUMBERVALUE(6663.83312179978)) -> 6663.8331
A306: MN CALAO | B306: =_xlfn.XLOOKUP(D306,Mapping!A:A,Mapping!B:B,"CHECK") -> Ro-Ro | C306: 12026 | D306: roro | E306: =IF(B306="Chemical tanker", IF(C306<5000,"0-4999", IF(C306<10000,"5000-9999", IF(C306<20000,"10000-19999","20000-+"))), IF(B306="Oil tanker", IF(C306<5000,"0-4999", IF(C306<10000,"5000-9999", IF(C306<20000,"10000-19999", IF(C306<60000,"20000-59999", IF(C306<80000,"60000-79999", IF(C306<120000,"80000-119999", IF(C306<200000,"120000-199999","200000-+"))))))), IF(B306="General cargo", IF(C306<5000,"0-4999", IF(C306<10000,"5000-9999","10000-+")), IF(B306="Bulk carrier", IF(C306<10000,"0-9999", IF(C306<35000,"10000-34999", IF(C306<60000,"35000-59999", IF(C306<100000,"60000-99999", IF(C306<200000,"100000-199999","200000-+"))))), IF(B306="LNG carrier", IF(C306<100000,"0-99999", IF(C306<150000,"100000-149999","150000-+")), "CHECK"))))) -> CHECK | F306: =B306&"|"&E306 -> Ro-Ro|CHECK | G306: 33684.197
A307: MN CALAO | B307: =_xlfn.XLOOKUP(D307,Mapping!A:A,Mapping!B:B,"CHECK") -> Ro-Ro | C307: 12026 | D307: roro | E307: =IF(B307="Chemical tanker", IF(C307<5000,"0-4999", IF(C307<10000,"5000-9999", IF(C307<20000,"10000-19999","20000-+"))), IF(B307="Oil tanker", IF(C307<5000,"0-4999", IF(C307<10000,"5000-9999", IF(C307<20000,"10000-19999", IF(C307<60000,"20000-59999", IF(C307<80000,"60000-79999", IF(C307<120000,"80000-119999", IF(C307<200000,"120000-199999","200000-+"))))))), IF(B307="General cargo", IF(C307<5000,"0-4999", IF(C307<10000,"5000-9999","10000-+")), IF(B307="Bulk carrier", IF(C307<10000,"0-9999", IF(C307<35000,"10000-34999", IF(C307<60000,"35000-59999", IF(C307<100000,"60000-99999", IF(C307<200000,"100000-199999","200000-+"))))), IF(B307="LNG carrier", IF(C307<100000,"0-99999", IF(C307<150000,"100000-149999","150000-+")), "CHECK"))))) -> CHECK | F307: =B307&"|"&E307 -> Ro-Ro|CHECK | G307: 33684.197
A308: EAGLE LE HAVRE | B308: =_xlfn.XLOOKUP(D308,Mapping!A:A,Mapping!B:B,"CHECK") -> Oil tanker | C308: 113809 | D308: tanker | E308: =IF(B308="Chemical tanker", IF(C308<5000,"0-4999", IF(C308<10000,"5000-9999", IF(C308<20000,"10000-19999","20000-+"))), IF(B308="Oil tanker", IF(C308<5000,"0-4999", IF(C308<10000,"5000-9999", IF(C308<20000,"10000-19999", IF(C308<60000,"20000-59999", IF(C308<80000,"60000-79999", IF(C308<120000,"80000-119999", IF(C308<200000,"120000-199999","200000-+"))))))), IF(B308="General cargo", IF(C308<5000,"0-4999", IF(C308<10000,"5000-9999","10000-+")), IF(B308="Bulk carrier", IF(C308<10000,"0-9999", IF(C308<35000,"10000-34999", IF(C308<60000,"35000-59999", IF(C308<100000,"60000-99999", IF(C308<200000,"100000-199999","200000-+"))))), IF(B308="LNG carrier", IF(C308<100000,"0-99999", IF(C308<150000,"100000-149999","150000-+")), "CHECK"))))) -> 80000-119999 | F308: =B308&"|"&E308 -> Oil tanker|80000-119999 | G308: =_xlfn.XLOOKUP(F308,Mapping!H:H,Mapping!G:G,"CHECK") -> 28821.516
A309: M S G | B309: =_xlfn.XLOOKUP(D309,Mapping!A:A,Mapping!B:B,"CHECK") -> Chemical tanker | C309: 7047 | D309: chemoil | E309: =IF(B309="Chemical tanker", IF(C309<5000,"0-4999", IF(C309<10000,"5000-9999", IF(C309<20000,"10000-19999","20000-+"))), IF(B309="Oil tanker", IF(C309<5000,"0-4999", IF(C309<10000,"5000-9999", IF(C309<20000,"10000-19999", IF(C309<60000,"20000-59999", IF(C309<80000,"60000-79999", IF(C309<120000,"80000-119999", IF(C309<200000,"120000-199999","200000-+"))))))), IF(B309="General cargo", IF(C309<5000,"0-4999", IF(C309<10000,"5000-9999","10000-+")), IF(B309="Bulk carrier", IF(C309<10000,"0-9999", IF(C309<35000,"10000-34999", IF(C309<60000,"35000-59999", IF(C309<100000,"60000-99999", IF(C309<200000,"100000-199999","200000-+"))))), IF(B309="LNG carrier", IF(C309<100000,"0-99999", IF(C309<150000,"100000-149999","150000-+")), "CHECK"))))) -> 5000-9999 | F309: =B309&"|"&E309 -> Chemical tanker|5000-9999 | G309: =_xlfn.XLOOKUP(F309,Mapping!H:H,Mapping!G:G,"CHECK") -> 8000.9025
A310: XING QIANG 1 | B310: =_xlfn.XLOOKUP(D310,Mapping!A:A,Mapping!B:B,"CHECK") -> Bulk carrier | C310: 50175 | D310: dry | E310: =IF(B310="Chemical tanker", IF(C310<5000,"0-4999", IF(C310<10000,"5000-9999", IF(C310<20000,"10000-19999","20000-+"))), IF(B310="Oil tanker", IF(C310<5000,"0-4999", IF(C310<10000,"5000-9999", IF(C310<20000,"10000-19999", IF(C310<60000,"20000-59999", IF(C310<80000,"60000-79999", IF(C310<120000,"80000-119999", IF(C310<200000,"120000-199999","200000-+"))))))), IF(B310="General cargo", IF(C310<5000,"0-4999", IF(C310<10000,"5000-9999","10000-+")), IF(B310="Bulk carrier", IF(C310<10000,"0-9999", IF(C310<35000,"10000-34999", IF(C310<60000,"35000-59999", IF(C310<100000,"60000-99999", IF(C310<200000,"100000-199999","200000-+"))))), IF(B310="LNG carrier", IF(C310<100000,"0-99999", IF(C310<150000,"100000-149999","150000-+")), "CHECK"))))) -> 35000-59999 | F310: =B310&"|"&E310 -> Bulk carrier|35000-59999 | G310: =_xlfn.XLOOKUP(F310,Mapping!H:H,Mapping!G:G,"CHECK") -> 15035.813
A311: XING QIANG 1 | B311: =_xlfn.XLOOKUP(D311,Mapping!A:A,Mapping!B:B,"CHECK") -> Bulk carrier | C311: 50175 | D311: dry | E311: =IF(B311="Chemical tanker", IF(C311<5000,"0-4999", IF(C311<10000,"5000-9999", IF(C311<20000,"10000-19999","20000-+"))), IF(B311="Oil tanker", IF(C311<5000,"0-4999", IF(C311<10000,"5000-9999", IF(C311<20000,"10000-19999", IF(C311<60000,"20000-59999", IF(C311<80000,"60000-79999", IF(C311<120000,"80000-119999", IF(C311<200000,"120000-199999","200000-+"))))))), IF(B311="General cargo", IF(C311<5000,"0-4999", IF(C311<10000,"5000-9999","10000-+")), IF(B311="Bulk carrier", IF(C311<10000,"0-9999", IF(C311<35000,"10000-34999", IF(C311<60000,"35000-59999", IF(C311<100000,"60000-99999", IF(C311<200000,"100000-199999","200000-+"))))), IF(B311="LNG carrier", IF(C311<100000,"0-99999", IF(C311<150000,"100000-149999","150000-+")), "CHECK"))))) -> 35000-59999 | F311: =B311&"|"&E311 -> Bulk carrier|35000-59999 | G311: =_xlfn.XLOOKUP(F311,Mapping!H:H,Mapping!G:G,"CHECK") -> 15035.813
A312: BITU OCEAN | B312: =_xlfn.XLOOKUP(D312,Mapping!A:A,Mapping!B:B,"CHECK") -> Oil tanker | C312: 3348 | D312: tanker | E312: =IF(B312="Chemical tanker", IF(C312<5000,"0-4999", IF(C312<10000,"5000-9999", IF(C312<20000,"10000-19999","20000-+"))), IF(B312="Oil tanker", IF(C312<5000,"0-4999", IF(C312<10000,"5000-9999", IF(C312<20000,"10000-19999", IF(C312<60000,"20000-59999", IF(C312<80000,"60000-79999", IF(C312<120000,"80000-119999", IF(C312<200000,"120000-199999","200000-+"))))))), IF(B312="General cargo", IF(C312<5000,"0-4999", IF(C312<10000,"5000-9999","10000-+")), IF(B312="Bulk carrier", IF(C312<10000,"0-9999", IF(C312<35000,"10000-34999", IF(C312<60000,"35000-59999", IF(C312<100000,"60000-99999", IF(C312<200000,"100000-199999","200000-+"))))), IF(B312="LNG carrier", IF(C312<100000,"0-99999", IF(C312<150000,"100000-149999","150000-+")), "CHECK"))))) -> 0-4999 | F312: =B312&"|"&E312 -> Oil tanker|0-4999 | G312: =_xlfn.XLOOKUP(F312,Mapping!H:H,Mapping!G:G,"CHECK") -> 4489.3241
A313: BITU OCEAN | B313: =_xlfn.XLOOKUP(D313,Mapping!A:A,Mapping!B:B,"CHECK") -> Oil tanker | C313: 3348 | D313: tanker | E313: =IF(B313="Chemical tanker", IF(C313<5000,"0-4999", IF(C313<10000,"5000-9999", IF(C313<20000,"10000-19999","20000-+"))), IF(B313="Oil tanker", IF(C313<5000,"0-4999", IF(C313<10000,"5000-9999", IF(C313<20000,"10000-19999", IF(C313<60000,"20000-59999", IF(C313<80000,"60000-79999", IF(C313<120000,"80000-119999", IF(C313<200000,"120000-199999","200000-+"))))))), IF(B313="General cargo", IF(C313<5000,"0-4999", IF(C313<10000,"5000-9999","10000-+")), IF(B313="Bulk carrier", IF(C313<10000,"0-9999", IF(C313<35000,"10000-34999", IF(C313<60000,"35000-59999", IF(C313<100000,"60000-99999", IF(C313<200000,"100000-199999","200000-+"))))), IF(B313="LNG carrier", IF(C313<100000,"0-99999", IF(C313<150000,"100000-149999","150000-+")), "CHECK"))))) -> 0-4999 | F313: =B313&"|"&E313 -> Oil tanker|0-4999 | G313: =_xlfn.XLOOKUP(F313,Mapping!H:H,Mapping!G:G,"CHECK") -> 4489.3241
A314: K R A | B314: =_xlfn.XLOOKUP(D314,Mapping!A:A,Mapping!B:B,"CHECK") -> Oil tanker | C314: 4999 | D314: tanker | E314: =IF(B314="Chemical tanker", IF(C314<5000,"0-4999", IF(C314<10000,"5000-9999", IF(C314<20000,"10000-19999","20000-+"))), IF(B314="Oil tanker", IF(C314<5000,"0-4999", IF(C314<10000,"5000-9999", IF(C314<20000,"10000-19999", IF(C314<60000,"20000-59999", IF(C314<80000,"60000-79999", IF(C314<120000,"80000-119999", IF(C314<200000,"120000-199999","200000-+"))))))), IF(B314="General cargo", IF(C314<5000,"0-4999", IF(C314<10000,"5000-9999","10000-+")), IF(B314="Bulk carrier", IF(C314<10000,"0-9999", IF(C314<35000,"10000-34999", IF(C314<60000,"35000-59999", IF(C314<100000,"60000-99999", IF(C314<200000,"100000-199999","200000-+"))))), IF(B314="LNG carrier", IF(C314<100000,"0-99999", IF(C314<150000,"100000-149999","150000-+")), "CHECK"))))) -> 0-4999 | F314: =B314&"|"&E314 -> Oil tanker|0-4999 | G314: =_xlfn.XLOOKUP(F314,Mapping!H:H,Mapping!G:G,"CHECK") -> 4489.3241
A315: K R A | B315: =_xlfn.XLOOKUP(D315,Mapping!A:A,Mapping!B:B,"CHECK") -> Oil tanker | C315: 4999 | D315: tanker | E315: =IF(B315="Chemical tanker", IF(C315<5000,"0-4999", IF(C315<10000,"5000-9999", IF(C315<20000,"10000-19999","20000-+"))), IF(B315="Oil tanker", IF(C315<5000,"0-4999", IF(C315<10000,"5000-9999", IF(C315<20000,"10000-19999", IF(C315<60000,"20000-59999", IF(C315<80000,"60000-79999", IF(C315<120000,"80000-119999", IF(C315<200000,"120000-199999","200000-+"))))))), IF(B315="General cargo", IF(C315<5000,"0-4999", IF(C315<10000,"5000-9999","10000-+")), IF(B315="Bulk carrier", IF(C315<10000,"0-9999", IF(C315<35000,"10000-34999", IF(C315<60000,"35000-59999", IF(C315<100000,"60000-99999", IF(C315<200000,"100000-199999","200000-+"))))), IF(B315="LNG carrier", IF(C315<100000,"0-99999", IF(C315<150000,"100000-149999","150000-+")), "CHECK"))))) -> 0-4999 | F315: =B315&"|"&E315 -> Oil tanker|0-4999 | G315: =_xlfn.XLOOKUP(F315,Mapping!H:H,Mapping!G:G,"CHECK") -> 4489.3241
A316: EVER LEARNED | B316: =_xlfn.XLOOKUP(D316,Mapping!A:A,Mapping!B:B,"CHECK") -> General cargo | C316: 103668 | D316: liner | E316: =IF(B316="Chemical tanker", IF(C316<5000,"0-4999", IF(C316<10000,"5000-9999", IF(C316<20000,"10000-19999","20000-+"))), IF(B316="Oil tanker", IF(C316<5000,"0-4999", IF(C316<10000,"5000-9999", IF(C316<20000,"10000-19999", IF(C316<60000,"20000-59999", IF(C316<80000,"60000-79999", IF(C316<120000,"80000-119999", IF(C316<200000,"120000-199999","200000-+"))))))), IF(B316="General cargo", IF(C316<5000,"0-4999", IF(C316<10000,"5000-9999","10000-+")), IF(B316="Bulk carrier", IF(C316<10000,"0-9999", IF(C316<35000,"10000-34999", IF(C316<60000,"35000-59999", IF(C316<100000,"60000-99999", IF(C316<200000,"100000-199999","200000-+"))))), IF(B316="LNG carrier", IF(C316<100000,"0-99999", IF(C316<150000,"100000-149999","150000-+")), "CHECK"))))) -> 10000-+ | F316: =B316&"|"&E316 -> General cargo|10000-+ | G316: =_xlfn.XLOOKUP(F316,Mapping!H:H,Mapping!G:G,"CHECK") -> 14853.494
A317: EVER LOADING | B317: =_xlfn.XLOOKUP(D317,Mapping!A:A,Mapping!B:B,"CHECK") -> General cargo | C317: 103891 | D317: liner | E317: =IF(B317="Chemical tanker", IF(C317<5000,"0-4999", IF(C317<10000,"5000-9999", IF(C317<20000,"10000-19999","20000-+"))), IF(B317="Oil tanker", IF(C317<5000,"0-4999", IF(C317<10000,"5000-9999", IF(C317<20000,"10000-19999", IF(C317<60000,"20000-59999", IF(C317<80000,"60000-79999", IF(C317<120000,"80000-119999", IF(C317<200000,"120000-199999","200000-+"))))))), IF(B317="General cargo", IF(C317<5000,"0-4999", IF(C317<10000,"5000-9999","10000-+")), IF(B317="Bulk carrier", IF(C317<10000,"0-9999", IF(C317<35000,"10000-34999", IF(C317<60000,"35000-59999", IF(C317<100000,"60000-99999", IF(C317<200000,"100000-199999","200000-+"))))), IF(B317="LNG carrier", IF(C317<100000,"0-99999", IF(C317<150000,"100000-149999","150000-+")), "CHECK"))))) -> 10000-+ | F317: =B317&"|"&E317 -> General cargo|10000-+ | G317: =_xlfn.XLOOKUP(F317,Mapping!H:H,Mapping!G:G,"CHECK") -> 14853.494
A318: HERCULES COMET | B318: =_xlfn.XLOOKUP(D318,Mapping!A:A,Mapping!B:B,"CHECK") -> Oil tanker | C318: 7999 | D318: tanker | E318: =IF(B318="Chemical tanker", IF(C318<5000,"0-4999", IF(C318<10000,"5000-9999", IF(C318<20000,"10000-19999","20000-+"))), IF(B318="Oil tanker", IF(C318<5000,"0-4999", IF(C318<10000,"5000-9999", IF(C318<20000,"10000-19999", IF(C318<60000,"20000-59999", IF(C318<80000,"60000-79999", IF(C318<120000,"80000-119999", IF(C318<200000,"120000-199999","200000-+"))))))), IF(B318="General cargo", IF(C318<5000,"0-4999", IF(C318<10000,"5000-9999","10000-+")), IF(B318="Bulk carrier", IF(C318<10000,"0-9999", IF(C318<35000,"10000-34999", IF(C318<60000,"35000-59999", IF(C318<100000,"60000-99999", IF(C318<200000,"100000-199999","200000-+"))))), IF(B318="LNG carrier", IF(C318<100000,"0-99999", IF(C318<150000,"100000-149999","150000-+")), "CHECK"))))) -> 5000-9999 | F318: =B318&"|"&E318 -> Oil tanker|5000-9999 | G318: =_xlfn.XLOOKUP(F318,Mapping!H:H,Mapping!G:G,"CHECK") -> 7155.0784
A319: HERCULES COMET | B319: =_xlfn.XLOOKUP(D319,Mapping!A:A,Mapping!B:B,"CHECK") -> Oil tanker | C319: 7999 | D319: tanker | E319: =IF(B319="Chemical tanker", IF(C319<5000,"0-4999", IF(C319<10000,"5000-9999", IF(C319<20000,"10000-19999","20000-+"))), IF(B319="Oil tanker", IF(C319<5000,"0-4999", IF(C319<10000,"5000-9999", IF(C319<20000,"10000-19999", IF(C319<60000,"20000-59999", IF(C319<80000,"60000-79999", IF(C319<120000,"80000-119999", IF(C319<200000,"120000-199999","200000-+"))))))), IF(B319="General cargo", IF(C319<5000,"0-4999", IF(C319<10000,"5000-9999","10000-+")), IF(B319="Bulk carrier", IF(C319<10000,"0-9999", IF(C319<35000,"10000-34999", IF(C319<60000,"35000-59999", IF(C319<100000,"60000-99999", IF(C319<200000,"100000-199999","200000-+"))))), IF(B319="LNG carrier", IF(C319<100000,"0-99999", IF(C319<150000,"100000-149999","150000-+")), "CHECK"))))) -> 5000-9999 | F319: =B319&"|"&E319 -> Oil tanker|5000-9999 | G319: =_xlfn.XLOOKUP(F319,Mapping!H:H,Mapping!G:G,"CHECK") -> 7155.0784
... A334: MARAN FIDELITY | B334: =_xlfn.XLOOKUP(D334,Mapping!A:A,Mapping!B:B,"CHECK") -> Bulk carrier | C334: 209237 | D334: dry | E334: =IF(B334="Chemical tanker", IF(C334<5000,"0-4999", IF(C334<10000,"5000-9999", IF(C334<20000,"10000-19999","20000-+"))), IF(B334="Oil tanker", IF(C334<5000,"0-4999", IF(C334<10000,"5000-9999", IF(C334<20000,"10000-19999", IF(C334<60000,"20000-59999", IF(C334<80000,"60000-79999", IF(C334<120000,"80000-119999", IF(C334<200000,"120000-199999","200000-+"))))))), IF(B334="General cargo", IF(C334<5000,"0-4999", IF(C334<10000,"5000-9999","10000-+")), IF(B334="Bulk carrier", IF(C334<10000,"0-9999", IF(C334<35000,"10000-34999", IF(C334<60000,"35000-59999", IF(C334<100000,"60000-99999", IF(C334<200000,"100000-199999","200000-+"))))), IF(B334="LNG carrier", IF(C334<100000,"0-99999", IF(C334<150000,"100000-149999","150000-+")), "CHECK"))))) -> 200000-+ | F334: =B334&"|"&E334 -> Bulk carrier|200000-+ | G334: =_xlfn.XLOOKUP(F334,Mapping!H:H,Mapping!G:G,"CHECK") -> 38333.884
A335: AL JASSASIYA | B335: =_xlfn.XLOOKUP(D335,Mapping!A:A,Mapping!B:B,"CHECK") -> Other liquids tankers | C335: 79355 | D335: lng | E335: =IF(B335="Chemical tanker", IF(C335<5000,"0-4999", IF(C335<10000,"5000-9999", IF(C335<20000,"10000-19999","20000-+"))), IF(B335="Oil tanker", IF(C335<5000,"0-4999", IF(C335<10000,"5000-9999", IF(C335<20000,"10000-19999", IF(C335<60000,"20000-59999", IF(C335<80000,"60000-79999", IF(C335<120000,"80000-119999", IF(C335<200000,"120000-199999","200000-+"))))))), IF(B335="General cargo", IF(C335<5000,"0-4999", IF(C335<10000,"5000-9999","10000-+")), IF(B335="Bulk carrier", IF(C335<10000,"0-9999", IF(C335<35000,"10000-34999", IF(C335<60000,"35000-59999", IF(C335<100000,"60000-99999", IF(C335<200000,"100000-199999","200000-+"))))), IF(B335="LNG carrier", IF(C335<100000,"0-99999", IF(C335<150000,"100000-149999","150000-+")), "CHECK"))))) -> CHECK | F335: =B335&"|"&E335 -> Other liquids tankers|CHECK | G335: =_xlfn.XLOOKUP(F335,Mapping!H:H,Mapping!G:G,_xlfn.NUMBERVALUE(6663.83312179978)) -> 6663.8331
A336: MARAN GAS ASCLEPIUS | B336: =_xlfn.XLOOKUP(D336,Mapping!A:A,Mapping!B:B,"CHECK") -> Other liquids tankers | C336: 79460 | D336: lng | E336: =IF(B336="Chemical tanker", IF(C336<5000,"0-4999", IF(C336<10000,"5000-9999", IF(C336<20000,"10000-19999","20000-+"))), IF(B336="Oil tanker", IF(C336<5000,"0-4999", IF(C336<10000,"5000-9999", IF(C336<20000,"10000-19999", IF(C336<60000,"20000-59999", IF(C336<80000,"60000-79999", IF(C336<120000,"80000-119999", IF(C336<200000,"120000-199999","200000-+"))))))), IF(B336="General cargo", IF(C336<5000,"0-4999", IF(C336<10000,"5000-9999","10000-+")), IF(B336="Bulk carrier", IF(C336<10000,"0-9999", IF(C336<35000,"10000-34999", IF(C336<60000,"35000-59999", IF(C336<100000,"60000-99999", IF(C336<200000,"100000-199999","200000-+"))))), IF(B336="LNG carrier", IF(C336<100000,"0-99999", IF(C336<150000,"100000-149999","150000-+")), "CHECK"))))) -> CHECK | F336: =B336&"|"&E336 -> Other liquids tankers|CHECK | G336: =_xlfn.XLOOKUP(F336,Mapping!H:H,Mapping!G:G,_xlfn.NUMBERVALUE(6663.83312179978)) -> 6663.8331
A337: SYROS WARRIOR | B337: =_xlfn.XLOOKUP(D337,Mapping!A:A,Mapping!B:B,"CHECK") -> Oil tanker | C337: 107687 | D337: tanker | E337: =IF(B337="Chemical tanker", IF(C337<5000,"0-4999", IF(C337<10000,"5000-9999", IF(C337<20000,"10000-19999","20000-+"))), IF(B337="Oil tanker", IF(C337<5000,"0-4999", IF(C337<10000,"5000-9999", IF(C337<20000,"10000-19999", IF(C337<60000,"20000-59999", IF(C337<80000,"60000-79999", IF(C337<120000,"80000-119999", IF(C337<200000,"120000-199999","200000-+"))))))), IF(B337="General cargo", IF(C337<5000,"0-4999", IF(C337<10000,"5000-9999","10000-+")), IF(B337="Bulk carrier", IF(C337<10000,"0-9999", IF(C337<35000,"10000-34999", IF(C337<60000,"35000-59999", IF(C337<100000,"60000-99999", IF(C337<200000,"100000-199999","200000-+"))))), IF(B337="LNG carrier", IF(C337<100000,"0-99999", IF(C337<150000,"100000-149999","150000-+")), "CHECK"))))) -> 80000-119999 | F337: =B337&"|"&E337 -> Oil tanker|80000-119999 | G337: =_xlfn.XLOOKUP(F337,Mapping!H:H,Mapping!G:G,"CHECK") -> 28821.516
A338: KRITI VERANO | B338: =_xlfn.XLOOKUP(D338,Mapping!A:A,Mapping!B:B,"CHECK") -> Oil tanker | C338: 110295 | D338: tanker | E338: =IF(B338="Chemical tanker", IF(C338<5000,"0-4999", IF(C338<10000,"5000-9999", IF(C338<20000,"10000-19999","20000-+"))), IF(B338="Oil tanker", IF(C338<5000,"0-4999", IF(C338<10000,"5000-9999", IF(C338<20000,"10000-19999", IF(C338<60000,"20000-59999", IF(C338<80000,"60000-79999", IF(C338<120000,"80000-119999", IF(C338<200000,"120000-199999","200000-+"))))))), IF(B338="General cargo", IF(C338<5000,"0-4999", IF(C338<10000,"5000-9999","10000-+")), IF(B338="Bulk carrier", IF(C338<10000,"0-9999", IF(C338<35000,"10000-34999", IF(C338<60000,"35000-59999", IF(C338<100000,"60000-99999", IF(C338<200000,"100000-199999","200000-+"))))), IF(B338="LNG carrier", IF(C338<100000,"0-99999", IF(C338<150000,"100000-149999","150000-+")), "CHECK"))))) -> 80000-119999 | F338: =B338&"|"&E338 -> Oil tanker|80000-119999 | G338: =_xlfn.XLOOKUP(F338,Mapping!H:H,Mapping!G:G,"CHECK") -> 28821.516
A339: SEA CONDOR | B339: =_xlfn.XLOOKUP(D339,Mapping!A:A,Mapping!B:B,"CHECK") -> Oil tanker | C339: 113659 | D339: tanker | E339: =IF(B339="Chemical tanker", IF(C339<5000,"0-4999", IF(C339<10000,"5000-9999", IF(C339<20000,"10000-19999","20000-+"))), IF(B339="Oil tanker", IF(C339<5000,"0-4999", IF(C339<10000,"5000-9999", IF(C339<20000,"10000-19999", IF(C339<60000,"20000-59999", IF(C339<80000,"60000-79999", IF(C339<120000,"80000-119999", IF(C339<200000,"120000-199999","200000-+"))))))), IF(B339="General cargo", IF(C339<5000,"0-4999", IF(C339<10000,"5000-9999","10000-+")), IF(B339="Bulk carrier", IF(C339<10000,"0-9999", IF(C339<35000,"10000-34999", IF(C339<60000,"35000-59999", IF(C339<100000,"60000-99999", IF(C339<200000,"100000-199999","200000-+"))))), IF(B339="LNG carrier", IF(C339<100000,"0-99999", IF(C339<150000,"100000-149999","150000-+")), "CHECK"))))) -> 80000-119999 | F339: =B339&"|"&E339 -> Oil tanker|80000-119999 | G339: =_xlfn.XLOOKUP(F339,Mapping!H:H,Mapping!G:G,"CHECK") -> 28821.516
A340: SEA CONDOR | B340: =_xlfn.XLOOKUP(D340,Mapping!A:A,Mapping!B:B,"CHECK") -> Oil tanker | C340: 113659 | D340: tanker | E340: =IF(B340="Chemical tanker", IF(C340<5000,"0-4999", IF(C340<10000,"5000-9999", IF(C340<20000,"10000-19999","20000-+"))), IF(B340="Oil tanker", IF(C340<5000,"0-4999", IF(C340<10000,"5000-9999", IF(C340<20000,"10000-19999", IF(C340<60000,"20000-59999", IF(C340<80000,"60000-79999", IF(C340<120000,"80000-119999", IF(C340<200000,"120000-199999","200000-+"))))))), IF(B340="General cargo", IF(C340<5000,"0-4999", IF(C340<10000,"5000-9999","10000-+")), IF(B340="Bulk carrier", IF(C340<10000,"0-9999", IF(C340<35000,"10000-34999", IF(C340<60000,"35000-59999", IF(C340<100000,"60000-99999", IF(C340<200000,"100000-199999","200000-+"))))), IF(B340="LNG carrier", IF(C340<100000,"0-99999", IF(C340<150000,"100000-149999","150000-+")), "CHECK"))))) -> 80000-119999 | F340: =B340&"|"&E340 -> Oil tanker|80000-119999 | G340: =_xlfn.XLOOKUP(F340,Mapping!H:H,Mapping!G:G,"CHECK") -> 28821.516
A341: SIENA | B341: =_xlfn.XLOOKUP(D341,Mapping!A:A,Mapping!B:B,"CHECK") -> Oil tanker | C341: 115523 | D341: tanker | E341: =IF(B341="Chemical tanker", IF(C341<5000,"0-4999", IF(C341<10000,"5000-9999", IF(C341<20000,"10000-19999","20000-+"))), IF(B341="Oil tanker", IF(C341<5000,"0-4999", IF(C341<10000,"5000-9999", IF(C341<20000,"10000-19999", IF(C341<60000,"20000-59999", IF(C341<80000,"60000-79999", IF(C341<120000,"80000-119999", IF(C341<200000,"120000-199999","200000-+"))))))), IF(B341="General cargo", IF(C341<5000,"0-4999", IF(C341<10000,"5000-9999","10000-+")), IF(B341="Bulk carrier", IF(C341<10000,"0-9999", IF(C341<35000,"10000-34999", IF(C341<60000,"35000-59999", IF(C341<100000,"60000-99999", IF(C341<200000,"100000-199999","200000-+"))))), IF(B341="LNG carrier", IF(C341<100000,"0-99999", IF(C341<150000,"100000-149999","150000-+")), "CHECK"))))) -> 80000-119999 | F341: =B341&"|"&E341 -> Oil tanker|80000-119999 | G341: =_xlfn.XLOOKUP(F341,Mapping!H:H,Mapping!G:G,"CHECK") -> 28821.516
A342: AISOPOS | B342: =_xlfn.XLOOKUP(D342,Mapping!A:A,Mapping!B:B,"CHECK") -> Oil tanker | C342: 115621 | D342: tanker | E342: =IF(B342="Chemical tanker", IF(C342<5000,"0-4999", IF(C342<10000,"5000-9999", IF(C342<20000,"10000-19999","20000-+"))), IF(B342="Oil tanker", IF(C342<5000,"0-4999", IF(C342<10000,"5000-9999", IF(C342<20000,"10000-19999", IF(C342<60000,"20000-59999", IF(C342<80000,"60000-79999", IF(C342<120000,"80000-119999", IF(C342<200000,"120000-199999","200000-+"))))))), IF(B342="General cargo", IF(C342<5000,"0-4999", IF(C342<10000,"5000-9999","10000-+")), IF(B342="Bulk carrier", IF(C342<10000,"0-9999", IF(C342<35000,"10000-34999", IF(C342<60000,"35000-59999", IF(C342<100000,"60000-99999", IF(C342<200000,"100000-199999","200000-+"))))), IF(B342="LNG carrier", IF(C342<100000,"0-99999", IF(C342<150000,"100000-149999","150000-+")), "CHECK"))))) -> 80000-119999 | F342: =B342&"|"&E342 -> Oil tanker|80000-119999 | G342: =_xlfn.XLOOKUP(F342,Mapping!H:H,Mapping!G:G,"CHECK") -> 28821.516
A343: AEGEAN NOBILITY | B343: =_xlfn.XLOOKUP(D343,Mapping!A:A,Mapping!B:B,"CHECK") -> Oil tanker | C343: 115814 | D343: tanker | E343: =IF(B343="Chemical tanker", IF(C343<5000,"0-4999", IF(C343<10000,"5000-9999", IF(C343<20000,"10000-19999","20000-+"))), IF(B343="Oil tanker", IF(C343<5000,"0-4999", IF(C343<10000,"5000-9999", IF(C343<20000,"10000-19999", IF(C343<60000,"20000-59999", IF(C343<80000,"60000-79999", IF(C343<120000,"80000-119999", IF(C343<200000,"120000-199999","200000-+"))))))), IF(B343="General cargo", IF(C343<5000,"0-4999", IF(C343<10000,"5000-9999","10000-+")), IF(B343="Bulk carrier", IF(C343<10000,"0-9999", IF(C343<35000,"10000-34999", IF(C343<60000,"35000-59999", IF(C343<100000,"60000-99999", IF(C343<200000,"100000-199999","200000-+"))))), IF(B343="LNG carrier", IF(C343<100000,"0-99999", IF(C343<150000,"100000-149999","150000-+")), "CHECK"))))) -> 80000-119999 | F343: =B343&"|"&E343 -> Oil tanker|80000-119999 | G343: =_xlfn.XLOOKUP(F343,Mapping!H:H,Mapping!G:G,"CHECK") -> 28821.516
A344: AEGEAN NOBILITY | B344: =_xlfn.XLOOKUP(D344,Mapping!A:A,Mapping!B:B,"CHECK") -> Oil tanker | C344: 115814 | D344: tanker | E344: =IF(B344="Chemical tanker", IF(C344<5000,"0-4999", IF(C344<10000,"5000-9999", IF(C344<20000,"10000-19999","20000-+"))), IF(B344="Oil tanker", IF(C344<5000,"0-4999", IF(C344<10000,"5000-9999", IF(C344<20000,"10000-19999", IF(C344<60000,"20000-59999", IF(C344<80000,"60000-79999", IF(C344<120000,"80000-119999", IF(C344<200000,"120000-199999","200000-+"))))))), IF(B344="General cargo", IF(C344<5000,"0-4999", IF(C344<10000,"5000-9999","10000-+")), IF(B344="Bulk carrier", IF(C344<10000,"0-9999", IF(C344<35000,"10000-34999", IF(C344<60000,"35000-59999", IF(C344<100000,"60000-99999", IF(C344<200000,"100000-199999","200000-+"))))), IF(B344="LNG carrier", IF(C344<100000,"0-99999", IF(C344<150000,"100000-149999","150000-+")), "CHECK"))))) -> 80000-119999 | F344: =B344&"|"&E344 -> Oil tanker|80000-119999 | G344: =_xlfn.XLOOKUP(F344,Mapping!H:H,Mapping!G:G,"CHECK") -> 28821.516
A345: DILIGENT WARRIOR | B345: =_xlfn.XLOOKUP(D345,Mapping!A:A,Mapping!B:B,"CHECK") -> Oil tanker | C345: 149992 | D345: tanker | E345: =IF(B345="Chemical tanker", IF(C345<5000,"0-4999", IF(C345<10000,"5000-9999", IF(C345<20000,"10000-19999","20000-+"))), IF(B345="Oil tanker", IF(C345<5000,"0-4999", IF(C345<10000,"5000-9999", IF(C345<20000,"10000-19999", IF(C345<60000,"20000-59999", IF(C345<80000,"60000-79999", IF(C345<120000,"80000-119999", IF(C345<200000,"120000-199999","200000-+"))))))), IF(B345="General cargo", IF(C345<5000,"0-4999", IF(C345<10000,"5000-9999","10000-+")), IF(B345="Bulk carrier", IF(C345<10000,"0-9999", IF(C345<35000,"10000-34999", IF(C345<60000,"35000-59999", IF(C345<100000,"60000-99999", IF(C345<200000,"100000-199999","200000-+"))))), IF(B345="LNG carrier", IF(C345<100000,"0-99999", IF(C345<150000,"100000-149999","150000-+")), "CHECK"))))) -> 120000-199999 | F345: =B345&"|"&E345 -> Oil tanker|120000-199999 | G345: =_xlfn.XLOOKUP(F345,Mapping!H:H,Mapping!G:G,"CHECK") -> 37823.925
A346: PRUDENT WARRIOR | B346: =_xlfn.XLOOKUP(D346,Mapping!A:A,Mapping!B:B,"CHECK") -> Oil tanker | C346: 149992 | D346: tanker | E346: =IF(B346="Chemical tanker", IF(C346<5000,"0-4999", IF(C346<10000,"5000-9999", IF(C346<20000,"10000-19999","20000-+"))), IF(B346="Oil tanker", IF(C346<5000,"0-4999", IF(C346<10000,"5000-9999", IF(C346<20000,"10000-19999", IF(C346<60000,"20000-59999", IF(C346<80000,"60000-79999", IF(C346<120000,"80000-119999", IF(C346<200000,"120000-199999","200000-+"))))))), IF(B346="General cargo", IF(C346<5000,"0-4999", IF(C346<10000,"5000-9999","10000-+")), IF(B346="Bulk carrier", IF(C346<10000,"0-9999", IF(C346<35000,"10000-34999", IF(C346<60000,"35000-59999", IF(C346<100000,"60000-99999", IF(C346<200000,"100000-199999","200000-+"))))), IF(B346="LNG carrier", IF(C346<100000,"0-99999", IF(C346<150000,"100000-149999","150000-+")), "CHECK"))))) -> 120000-199999 | F346: =B346&"|"&E346 -> Oil tanker|120000-199999 | G346: =_xlfn.XLOOKUP(F346,Mapping!H:H,Mapping!G:G,"CHECK") -> 37823.925
A347: DILIGENT WARRIOR | B347: =_xlfn.XLOOKUP(D347,Mapping!A:A,Mapping!B:B,"CHECK") -> Oil tanker | C347: 149992 | D347: tanker | E347: =IF(B347="Chemical tanker", IF(C347<5000,"0-4999", IF(C347<10000,"5000-9999", IF(C347<20000,"10000-19999","20000-+"))), IF(B347="Oil tanker", IF(C347<5000,"0-4999", IF(C347<10000,"5000-9999", IF(C347<20000,"10000-19999", IF(C347<60000,"20000-59999", IF(C347<80000,"60000-79999", IF(C347<120000,"80000-119999", IF(C347<200000,"120000-199999","200000-+"))))))), IF(B347="General cargo", IF(C347<5000,"0-4999", IF(C347<10000,"5000-9999","10000-+")), IF(B347="Bulk carrier", IF(C347<10000,"0-9999", IF(C347<35000,"10000-34999", IF(C347<60000,"35000-59999", IF(C347<100000,"60000-99999", IF(C347<200000,"100000-199999","200000-+"))))), IF(B347="LNG carrier", IF(C347<100000,"0-99999", IF(C347<150000,"100000-149999","150000-+")), "CHECK"))))) -> 120000-199999 | F347: =B347&"|"&E347 -> Oil tanker|120000-199999 | G347: =_xlfn.XLOOKUP(F347,Mapping!H:H,Mapping!G:G,"CHECK") -> 37823.925
A348: PRUDENT WARRIOR | B348: =_xlfn.XLOOKUP(D348,Mapping!A:A,Mapping!B:B,"CHECK") -> Oil tanker | C348: 149992 | D348: tanker | E348: =IF(B348="Chemical tanker", IF(C348<5000,"0-4999", IF(C348<10000,"5000-9999", IF(C348<20000,"10000-19999","20000-+"))), IF(B348="Oil tanker", IF(C348<5000,"0-4999", IF(C348<10000,"5000-9999", IF(C348<20000,"10000-19999", IF(C348<60000,"20000-59999", IF(C348<80000,"60000-79999", IF(C348<120000,"80000-119999", IF(C348<200000,"120000-199999","200000-+"))))))), IF(B348="General cargo", IF(C348<5000,"0-4999", IF(C348<10000,"5000-9999","10000-+")), IF(B348="Bulk carrier", IF(C348<10000,"0-9999", IF(C348<35000,"10000-34999", IF(C348<60000,"35000-59999", IF(C348<100000,"60000-99999", IF(C348<200000,"100000-199999","200000-+"))))), IF(B348="LNG carrier", IF(C348<100000,"0-99999", IF(C348<150000,"100000-149999","150000-+")), "CHECK"))))) -> 120000-199999 | F348: =B348&"|"&E348 -> Oil tanker|120000-199999 | G348: =_xlfn.XLOOKUP(F348,Mapping!H:H,Mapping!G:G,"CHECK") -> 37823.925
... A420: COSCO SHIPPING PLANET | B420: =_xlfn.XLOOKUP(D420,Mapping!A:A,Mapping!B:B,"CHECK") -> General cargo | C420: 198195 | D420: liner | E420: =IF(B420="Chemical tanker", IF(C420<5000,"0-4999", IF(C420<10000,"5000-9999", IF(C420<20000,"10000-19999","20000-+"))), IF(B420="Oil tanker", IF(C420<5000,"0-4999", IF(C420<10000,"5000-9999", IF(C420<20000,"10000-19999", IF(C420<60000,"20000-59999", IF(C420<80000,"60000-79999", IF(C420<120000,"80000-119999", IF(C420<200000,"120000-199999","200000-+"))))))), IF(B420="General cargo", IF(C420<5000,"0-4999", IF(C420<10000,"5000-9999","10000-+")), IF(B420="Bulk carrier", IF(C420<10000,"0-9999", IF(C420<35000,"10000-34999", IF(C420<60000,"35000-59999", IF(C420<100000,"60000-99999", IF(C420<200000,"100000-199999","200000-+"))))), IF(B420="LNG carrier", IF(C420<100000,"0-99999", IF(C420<150000,"100000-149999","150000-+")), "CHECK"))))) -> 10000-+ | F420: =B420&"|"&E420 -> General cargo|10000-+ | G420: =_xlfn.XLOOKUP(F420,Mapping!H:H,Mapping!G:G,"CHECK") -> 14853.494
A421: OCEAN INSPIRATION | B421: =_xlfn.XLOOKUP(D421,Mapping!A:A,Mapping!B:B,"CHECK") -> Other liquids tankers | C421: 91157 | D421: lng | E421: =IF(B421="Chemical tanker", IF(C421<5000,"0-4999", IF(C421<10000,"5000-9999", IF(C421<20000,"10000-19999","20000-+"))), IF(B421="Oil tanker", IF(C421<5000,"0-4999", IF(C421<10000,"5000-9999", IF(C421<20000,"10000-19999", IF(C421<60000,"20000-59999", IF(C421<80000,"60000-79999", IF(C421<120000,"80000-119999", IF(C421<200000,"120000-199999","200000-+"))))))), IF(B421="General cargo", IF(C421<5000,"0-4999", IF(C421<10000,"5000-9999","10000-+")), IF(B421="Bulk carrier", IF(C421<10000,"0-9999", IF(C421<35000,"10000-34999", IF(C421<60000,"35000-59999", IF(C421<100000,"60000-99999", IF(C421<200000,"100000-199999","200000-+"))))), IF(B421="LNG carrier", IF(C421<100000,"0-99999", IF(C421<150000,"100000-149999","150000-+")), "CHECK"))))) -> CHECK | F421: =B421&"|"&E421 -> Other liquids tankers|CHECK | G421: =_xlfn.XLOOKUP(F421,Mapping!H:H,Mapping!G:G,_xlfn.NUMBERVALUE(6663.83312179978)) -> 6663.8331
A422: LUMINA POLARIS | B422: =_xlfn.XLOOKUP(D422,Mapping!A:A,Mapping!B:B,"CHECK") -> Chemical tanker | C422: 49996 | D422: lpg | E422: =IF(B422="Chemical tanker", IF(C422<5000,"0-4999", IF(C422<10000,"5000-9999", IF(C422<20000,"10000-19999","20000-+"))), IF(B422="Oil tanker", IF(C422<5000,"0-4999", IF(C422<10000,"5000-9999", IF(C422<20000,"10000-19999", IF(C422<60000,"20000-59999", IF(C422<80000,"60000-79999", IF(C422<120000,"80000-119999", IF(C422<200000,"120000-199999","200000-+"))))))), IF(B422="General cargo", IF(C422<5000,"0-4999", IF(C422<10000,"5000-9999","10000-+")), IF(B422="Bulk carrier", IF(C422<10000,"0-9999", IF(C422<35000,"10000-34999", IF(C422<60000,"35000-59999", IF(C422<100000,"60000-99999", IF(C422<200000,"100000-199999","200000-+"))))), IF(B422="LNG carrier", IF(C422<100000,"0-99999", IF(C422<150000,"100000-149999","150000-+")), "CHECK"))))) -> 20000-+ | F422: =B422&"|"&E422 -> Chemical tanker|20000-+ | G422: =_xlfn.XLOOKUP(F422,Mapping!H:H,Mapping!G:G,"CHECK") -> 20866.017
A423: GAS AQUARIUS | B423: =_xlfn.XLOOKUP(D423,Mapping!A:A,Mapping!B:B,"CHECK") -> Chemical tanker | C423: 54656 | D423: lpg | E423: =IF(B423="Chemical tanker", IF(C423<5000,"0-4999", IF(C423<10000,"5000-9999", IF(C423<20000,"10000-19999","20000-+"))), IF(B423="Oil tanker", IF(C423<5000,"0-4999", IF(C423<10000,"5000-9999", IF(C423<20000,"10000-19999", IF(C423<60000,"20000-59999", IF(C423<80000,"60000-79999", IF(C423<120000,"80000-119999", IF(C423<200000,"120000-199999","200000-+"))))))), IF(B423="General cargo", IF(C423<5000,"0-4999", IF(C423<10000,"5000-9999","10000-+")), IF(B423="Bulk carrier", IF(C423<10000,"0-9999", IF(C423<35000,"10000-34999", IF(C423<60000,"35000-59999", IF(C423<100000,"60000-99999", IF(C423<200000,"100000-199999","200000-+"))))), IF(B423="LNG carrier", IF(C423<100000,"0-99999", IF(C423<150000,"100000-149999","150000-+")), "CHECK"))))) -> 20000-+ | F423: =B423&"|"&E423 -> Chemical tanker|20000-+ | G423: =_xlfn.XLOOKUP(F423,Mapping!H:H,Mapping!G:G,"CHECK") -> 20866.017
...

Sheet Mapping
A1: My data vessel type | B1: GreenVoyage type | C1: Why | E1: Green voyage data
A2: chemical | B2: Chemical tanker | C2: Closest direct match for chemical cargo vessels. | E2: Type | F2: Size category | G2: emissions | H2: key
A3: chemoil | B3: Chemical tanker | C3: Hybrid chemical/oil-products vessel; closest to Chemical tanker. | E3: Bulk carrier | F3: 0-9999 | G3: 4689.1838 | H3: =E3&"|"&F3 -> Bulk carrier|0-9999
A4: conro | B4: General cargo | C4: Combination container/ro-ro vessel; no exact GreenVoyage class, closest broad cargo class is General cargo. | E4: Bulk carrier | F4: 10000-34999 | G4: 10987.028 | H4: =E4&"|"&F4 -> Bulk carrier|10000-34999
A5: dry | B5: Bulk carrier | C5: Broad dry cargo category; closest match is Bulk carrier. | E5: Bulk carrier | F5: 35000-59999 | G5: 15035.813 | H5: =E5&"|"&F5 -> Bulk carrier|35000-59999
A6: fso | B6: Oil tanker | C6: Not perfect, but closest available liquid-oil category. | E6: Bulk carrier | F6: 60000-99999 | G6: 21117.137 | H6: =E6&"|"&F6 -> Bulk carrier|60000-99999
A7: liner | B7: General cargo | C7: Liner/container-like service; closest available GreenVoyage class is General cargo. | E7: Bulk carrier | F7: 100000-199999 | G7: 30446.245 | H7: =E7&"|"&F7 -> Bulk carrier|100000-199999
A8: lng | B8: Other liquids tankers | C8: Direct broad match. | E8: Bulk carrier | F8: 200000-+ | G8: 38333.884 | H8: =E8&"|"&F8 -> Bulk carrier|200000-+
A9: lpg | B9: Chemical tanker | C9: Not ideal, but among your listed GreenVoyage options this is the closest liquid/gas-specialized transport class unless you have LPG carrier separately. | E9: Chemical tanker | F9: 0-4999 | G9: 5914.2451 | H9: =E9&"|"&F9 -> Chemical tanker|0-4999
A10: mpp | B10: General cargo | C10: Multi-purpose vessel fits best under General cargo. | E10: Chemical tanker | F10: 5000-9999 | G10: 8000.9025 | H10: =E10&"|"&F10 -> Chemical tanker|5000-9999
A11: obo | B11: Bulk carrier | C11: Ore-bulk-oil vessel is mixed-use; if forced to choose one GreenVoyage class, Bulk carrier is usually the closest operational fit. | E11: Chemical tanker | F11: 10000-19999 | G11: 12170.969 | H11: =E11&"|"&F11 -> Chemical tanker|10000-19999
A12: passenger | B12: General cargo | C12: Weak match, but better to keep separate or exclude; GreenVoyage categories in your sheet do not appear to include passenger. | E12: Chemical tanker | F12: 20000-+ | G12: 20866.017 | H12: =E12&"|"&F12 -> Chemical tanker|20000-+
A13: pctc | B13: General cargo | C13: Pure car/truck carrier is closest to a broad cargo class, though imperfect. | E13: General cargo | F13: 0-4999 | G13: 2148.7943 | H13: =E13&"|"&F13 -> General cargo|0-4999
A14: reefer | B14: General cargo | C14: Refrigerated cargo vessel; closest broad class is General cargo. | E14: General cargo | F14: 5000-9999 | G14: 6161.6698 | H14: =E14&"|"&F14 -> General cargo|5000-9999
... A17: tanker | B17: Oil tanker | C17: Direct broad match. | E17: Oil tanker | F17: 5000-9999 | G17: 7155.0784 | H17: =E17&"|"&F17 -> Oil tanker|5000-9999
E18: Oil tanker | F18: 10000-19999 | G18: 11412.358 | H18: =E18&"|"&F18 -> Oil tanker|10000-19999
E19: Oil tanker | F19: 20000-59999 | G19: 19496.252 | H19: =E19&"|"&F19 -> Oil tanker|20000-59999
E20: Oil tanker | F20: 60000-79999 | G20: 26090.7 | H20: =E20&"|"&F20 -> Oil tanker|60000-79999
E21: Oil tanker | F21: 80000-119999 | G21: 28821.516 | H21: =E21&"|"&F21 -> Oil tanker|80000-119999
E22: Oil tanker | F22: 120000-199999 | G22: 37823.925 | H22: =E22&"|"&F22 -> Oil tanker|120000-199999
E23: Oil tanker | F23: 200000-+ | G23: 62432.826 | H23: =E23&"|"&F23 -> Oil tanker|200000-+
E24: Other liquids tankers | F24: 0-+ | G24: 6663.8331 | H24: =E24&"|"&F24 -> Other liquids tankers|0-+
E25: Refrigerated bulk | F25: 0-1999 | G25: 17516.455 | H25: =E25&"|"&F25 -> Refrigerated bulk|0-1999
E26: Ro-Ro | F26: 0-4999 | G26: 12104.3 | H26: =E26&"|"&F26 -> Ro-Ro|0-4999
E27: Ro-Ro | F27: 5000-+ | G27: 33684.197 | H27: =E27&"|"&F27 -> Ro-Ro|5000-+

Sheet Average emissions to use as rob
A1: Row Labels | B1: Average of CO2 Total (t)
A2: AE SATURN | B2: 934.94927
A3: AFRICAN FLAMINGO | B3: 1397.0221
A4: AFRICAN RAPTOR | B4: 1198.7424
A5: ALORA | B5: 308.20299
A6: AMATERAS HARMONY | B6: 1027.5364
A7: ANTHEMIS | B7: 3066.5278
A8: APIRADEE NAREE | B8: 904.0277
A9: ARSHAM | B9: 869.69603
A10: ARTMAN | B10: 951.77838
A11: Bavand | B11: 1092.6799
A12: BBC EMERALD | B12: 2299.6413
A13: BBC ICELAND | B13: 2020.0292
... A62: Grand Total | B62: 1120.0016

Sheet Emissions
A1: Vessel Name | B1: Vessel Dwt | C1: Intake (t) | D1: Commodity | E1: Leg Type | F1: VLSFO Cons (t) | G1: HSFO Cons (t) | H1: MGO Cons (t) | I1: CO2 Total (t)
A2: AE SATURN | B2: 52385 | E2: ballast | F2: 11.084189 | H2: 0.077361111 | I2: 35.174299
A3: AE SATURN | B3: 52385 | E3: ballast | F3: 419.68619 | H3: 3.1673611 | I3: 1332.5857
A4: AE SATURN | B4: 52385 | E4: ballast | F4: 138.12809 | H4: 1.0405556 | I4: 438.57762
A5: AE SATURN | B5: 52385 | E5: ballast | F5: 289.00005 | H5: 5.2202778 | I5: 927.37538
A6: AE SATURN | B6: 52385 | E6: ballast | F6: 270.27391 | H6: 2.2748611 | I6: 858.92631
A7: AE SATURN | B7: 52385 | E7: ballast | F7: 520.95934 | H7: 3.8819444 | I7: 1653.9884
A8: AE SATURN | B8: 52385 | E8: ballast | F8: 112.37195 | H8: 1.3680556 | I8: 358.47001
A9: AE SATURN | B9: 52385 | E9: ballast | F9: 219.69511 | H9: 1.7131944 | I9: 697.7518
A10: AE SATURN | B10: 52385 | C10: 46405 | E10: laden | F10: 563.828 | H10: 6.5141667 | I10: 1797.5065
A11: AE SATURN | B11: 52385 | C11: 39190 | D11: Clinker | E11: laden | F11: 306.83076 | H11: 4.0659722 | I11: 979.85923
A12: AE SATURN | B12: 52385 | C12: 33640 | D12: Coking Coal | E12: laden | F12: 126.87578 | H12: 2.7359722 | I12: 408.55711
A13: AE SATURN | B13: 52385 | C13: 48625 | D13: Copper Concentrate | E13: laden | F13: 712.85368 | H13: 10.540417 | I13: 2279.9945
A14: AE SATURN | B14: 52385 | C14: 43630 | D14: Di-Amonium Phosphate | E14: laden | F14: 659.47703 | H14: 7.7484722 | I14: 2102.8537
A15: AE SATURN | B15: 52385 | C15: 49180 | D15: Nickel Ore | E15: laden | F15: 166.74724 | H15: 4.765 | I15: 540.69713
A16: AE SATURN | B16: 52385 | C16: 38080 | D16: Steels | E16: laden | F16: 718.95268 | H16: 14.289028 | I16: 2311.2305
A17: AE SATURN | B17: 52385 | C17: 39745 | D17: Steels | E17: laden | F17: 852.5165 | H17: 11.943611 | I17: 2724.5707
A18: GHOUSTA | B18: 50399 | E18: ballast | F18: 1082.1091 | H18: 7.9297222 | I18: 3435.1486
A19: GHOUSTA | B19: 50399 | E19: ballast | F19: 325.07999 | H19: 2.5334722 | I19: 1032.4494
A20: GHOUSTA | B20: 50399 | C20: 47965 | D20: Wheat | E20: laden | F20: 271.47902 | H20: 3.6705556 | I20: 867.19819
A21: GHOUSTA | B21: 50399 | C21: 43127 | D21: Clinker | E21: laden | F21: 255.06975 | H21: 2.9011111 | I21: 813.02574
A22: GHOUSTA | B22: 50399 | C22: 36851 | D22: Gypsum | E22: laden | F22: 246.98401 | H22: 2.6472222 | I22: 786.73362
A23: GHOUSTA | B23: 50399 | E23: ballast | F23: 173.26955 | H23: 1.2570833 | I23: 550.00257
A24: GHOUSTA | B24: 50399 | E24: ballast | F24: 361.71418 | H24: 2.6486111 | I24: 1148.2528
A25: GHOUSTA | B25: 50399 | E25: ballast | F25: 511.38329 | H25: 3.6170833 | I25: 1622.9651
A26: GHOUSTA | B26: 50399 | E26: ballast | F26: 68.403693 | H26: 0.62805556 | I26: 217.55358
A27: GHOUSTA | B27: 50399 | E27: ballast | F27: 215.33812 | H27: 1.8391667 | I27: 684.42677
A28: GHOUSTA | B28: 50399 | E28: ballast | F28: 189.48899 | H28: 1.4419444 | I28: 601.70268
A29: GHOUSTA | B29: 50399 | E29: ballast | F29: 397.325 | H29: 3.4434722 | I29: 1263.0108
A30: GHOUSTA | B30: 50399 | E30: ballast | F30: 141.17113 | H30: 1.1863889 | I30: 448.63378
A31: GHOUSTA | B31: 50399 | E31: ballast | F31: 212.69108 | H31: 1.4666667 | I31: 674.89174
A32: GHOUSTA | B32: 50399 | E32: ballast | F32: 415.46365 | H32: 3.4170833 | I32: 1320.0811
A33: GHOUSTA | B33: 50399 | E33: ballast | F33: 29.087953 | H33: 0.275 | I33: 92.537789
A34: GHOUSTA | B34: 50399 | E34: ballast | F34: 20.727008 | H34: 0.15833333 | I34: 65.81842
... A98: GHOUSTA | B98: 50399 | E98: ballast | F98: 126.0538 | H98: 0.91805556 | I98: 400.13882
A99: GHOUSTA | B99: 50399 | C99: 47965 | E99: laden | F99: 397.18784 | H99: 4.0655556 | I99: 1264.573
A100: GHOUSTA | B100: 50399 | C100: 37897 | E100: laden | F100: 780.70286 | H100: 3.9425694 | I100: 2472.6346
A101: GHOUSTA | B101: 50399 | C101: 34759 | E101: laden | F101: 568.94207 | H101: 7.8058333 | I101: 1817.762
A102: GHOUSTA | B102: 50399 | C102: 38943 | E102: laden | F102: 199.87133 | H102: 2.27375 | I102: 637.08419
A103: GHOUSTA | B103: 50399 | C103: 47965 | D103: Aggregates | E103: laden | F103: 85.456945 | H103: 2.3703472 | I103: 276.87417
A104: GHOUSTA | B104: 50399 | C104: 47965 | D104: Aggregates | E104: laden | F104: 79.174837 | H104: 1.3510417 | I104: 253.81135
A105: GHOUSTA | B105: 50399 | C105: 47834 | D105: Baryte | E105: laden | F105: 425.00475 | H105: 4.7488194 | I105: 1354.4147
A106: GHOUSTA | B106: 50399 | C106: 38420 | D106: Bauxite | E106: laden | F106: 436.20063 | H106: 4.0860417 | I106: 1387.568
A107: GHOUSTA | B107: 50399 | C107: 47965 | D107: Bauxite | E107: laden | F107: 349.31778 | H107: 3.82375 | I107: 1112.9593
A108: GHOUSTA | B108: 50399 | C108: 47965 | D108: Bauxite | E108: laden | F108: 526.52106 | H108: 4.9399306 | I108: 1674.9053
A109: GHOUSTA | B109: 50399 | C109: 47965 | D109: Clinker | E109: laden | F109: 299.42878 | H109: 3.8936806 | I109: 955.98322
A110: GHOUSTA | B110: 50399 | C110: 46788 | D110: Clinker | E110: laden | F110: 97.359439 | H110: 1.4213889 | I110: 311.33656
A111: GHOUSTA | B111: 50399 | C111: 44173 | D111: Clinker | E111: laden | F111: 476.17003 | H111: 3.9486806 | I111: 1513.0712
A112: GHOUSTA | B112: 50399 | C112: 47965 | D112: Clinker | E112: laden | F112: 374.25746 | H112: 4.4698611 | I112: 1193.6156
A113: GHOUSTA | B113: 50399 | C113: 47965 | D113: Clinker | E113: laden | F113: 341.38315 | H113: 3.5020139 | I113: 1086.9257
A114: GHOUSTA | B114: 50399 | C114: 47311 | D114: Clinker | E114: laden | F114: 253.37233 | H114: 2.3376389 | I114: 805.87068
... A181: GHOUSTA | B181: 50399 | C181: 42604 | D181: Wood Chips | E181: laden | F181: 340.23069 | H181: 4.5052083 | I181: 1086.5106
A182: G FORCE | B182: 53503 | E182: ballast | F182: 833.68169 | H182: 3.6790278 | I182: 2638.726
A183: G FORCE | B183: 53503 | C183: 50606 | D183: Corn | E183: laden | F183: 253.90089 | H183: 2.0213194 | I183: 806.52204
A184: G FORCE | B184: 53503 | E184: ballast | F184: 124.4206 | H184: 0.83736111 | I184: 394.73388
A185: G FORCE | B185: 53503 | E185: ballast | F185: 118.28874 | H185: 0.44722222 | I185: 374.16161
A186: G FORCE | B186: 53503 | E186: ballast | F186: 769.81241 | H186: 2.3143056 | I186: 2433.0986
A187: G FORCE | B187: 53503 | E187: ballast | F187: 228.63822 | H187: 0.8275 | I187: 723.09198
A188: G FORCE | B188: 53503 | E188: ballast | F188: 56.619036 | H188: 0.20868056 | I188: 179.07561
A189: G FORCE | B189: 53503 | E189: ballast | F189: 837.77672 | H189: 3.1273611 | I189: 2649.8608
A190: G FORCE | B190: 53503 | E190: ballast | F190: 89.058693 | H190: 0.30631944 | I190: 281.606
A191: G FORCE | B191: 53503 | E191: ballast | F191: 943.36972 | H191: 3.18625 | I191: 2982.7731
A192: G FORCE | B192: 53503 | E192: ballast | F192: 57.988266 | H192: 0.41972222 | I192: 184.06666
A193: G FORCE | B193: 53503 | E193: ballast | F193: 876.8734 | H193: 2.8610417 | I193: 2772.2006
A194: G FORCE | B194: 53503 | E194: ballast | F194: 305.90917 | H194: 1.5084028 | I194: 968.75573
A195: G FORCE | B195: 53503 | E195: ballast | F195: 24.619653 | H195: 0.10194444 | I195: 77.90336
... A281: G FORCE | B281: 53503 | E281: ballast | F281: 130.81659 | H281: 0.51854167 | I281: 413.86551
A282: G FORCE | B282: 53503 | C282: 37334 | E282: laden | F282: 81.833113 | H282: 1.2019444 | I282: 261.70957
A283: G FORCE | B283: 53503 | C283: 35122 | E283: laden | F283: 43.843932 | H283: 1.2718056 | I283: 142.22964
A284: G FORCE | B284: 53503 | C284: 42864 | E284: laden | F284: 1315.773 | H284: 5.8202778 | I284: 4164.6604
A285: G FORCE | B285: 53503 | C285: 43970 | D285: Bulk Fertilizers | E285: laden | F285: 1304.2868 | H285: 10.501528 | I285: 4143.4756
A286: G FORCE | B286: 53503 | C286: 44523 | D286: Cement | E286: laden | F286: 207.0279 | H286: 2.0440972 | I286: 658.89828
A287: G FORCE | B287: 53503 | C287: 41205 | D287: Cement | E287: laden | F287: 568.84011 | H287: 3.1090278 | I287: 1802.3827
A288: G FORCE | B288: 53503 | C288: 50053 | D288: Clinker | E288: laden | F288: 869.47508 | H288: 3.9321528 | I288: 2752.3225
A289: G FORCE | B289: 53503 | C289: 40652 | D289: Clinker | E289: laden | F289: 741.54693 | H289: 5.3083333 | I289: 2353.6329
A290: G FORCE | B290: 53503 | C290: 35675 | D290: Clinker | E290: laden | F290: 138.62862 | H290: 1.7740278 | I290: 442.50632
A291: G FORCE | B291: 53503 | C291: 46182 | D291: Clinker | E291: laden | F291: 342.23775 | H291: 2.2473611 | I291: 1085.5962
A292: G FORCE | B292: 53503 | C292: 44523 | D292: Clinker | E292: laden | F292: 234.49659 | H292: 1.9034722 | I292: 745.00129
A293: G FORCE | B293: 53503 | C293: 50606 | D293: Clinker | E293: laden | F293: 1083.0525 | H293: 4.5598611 | I293: 3427.3175
A294: G FORCE | B294: 53503 | C294: 50606 | D294: Clinker | E294: laden | F294: 342.71987 | H294: 2.970625 | I294: 1089.4341
A295: G FORCE | B295: 53503 | C295: 46735 | D295: Clinker | E295: laden | F295: 253.18188 | H295: 2.78875 | I295: 806.71683
A296: G FORCE | B296: 53503 | C296: 50606 | D296: Clinker | E296: laden | F296: 230.33938 | H296: 1.7547222 | I296: 731.42503
... A386: G FORCE | B386: 53503 | C386: 38993 | D386: Wood Chips | E386: laden | F386: 547.05648 | H386: 3.6686806 | I386: 1735.5367
A387: HONG LONG HAI SHENG | B387: 56501 | E387: ballast | F387: 106.2139 | H387: 0.41541667 | I387: 336.01182
A388: HONG LONG HAI SHENG | B388: 56501 | E388: ballast | F388: 548.1616 | H388: 2.7082639 | I388: 1735.9399
A389: HONG LONG HAI SHENG | B389: 56501 | E389: ballast | F389: 743.26255 | H389: 2.7313889 | I389: 2350.7771
A390: HONG LONG HAI SHENG | B390: 56501 | E390: ballast | F390: 165.58054 | H390: 0.820625 | I390: 524.37522
A391: HONG LONG HAI SHENG | B391: 56501 | E391: ballast | F391: 147.29007 | H391: 0.81916667 | I391: 466.73726
A392: HONG LONG HAI SHENG | B392: 56501 | E392: ballast | F392: 32.901004 | H392: 0.19173611 | I392: 104.28577
A393: HONG LONG HAI SHENG | B393: 56501 | E393: ballast | F393: 262.82904 | H393: 1.4125 | I393: 832.70279
A394: HONG LONG HAI SHENG | B394: 56501 | E394: ballast | F394: 416.42547 | H394: 1.8738194 | I394: 1318.1641
A395: HONG LONG HAI SHENG | B395: 56501 | E395: ballast | F395: 238.06299 | H395: 1.0351389 | I395: 753.45513
A396: HONG LONG HAI SHENG | B396: 56501 | E396: ballast | F396: 130.16967 | H396: 1.109375 | I396: 413.72128
A397: HONG LONG HAI SHENG | B397: 56501 | E397: ballast | F397: 166.24023 | H397: 0.71388889 | I397: 526.11169
A398: HONG LONG HAI SHENG | B398: 56501 | E398: ballast | F398: 158.49213 | H398: 0.24958333 | I398: 500.20888
... A485: HONG LONG HAI SHENG | B485: 56501 | E485: ballast | F485: 66.760992 | H485: 0.26111111 | I485: 211.20101
A486: HONG LONG HAI SHENG | B486: 56501 | C486: 44307 | E486: laden | F486: 845.2903 | H486: 8.4023611 | I486: 2690.4477
A487: HONG LONG HAI SHENG | B487: 56501 | C487: 53245 | E487: laden | F487: 400.05488 | H487: 2.3414583 | I487: 1268.0796
A488: HONG LONG HAI SHENG | B488: 56501 | C488: 33723 | D488: Aggregates | E488: laden | F488: 119.94211 | H488: 2.5581944 | I488: 386.13916
A489: HONG LONG HAI SHENG | B489: 56501 | C489: 52539 | D489: Alumina | E489: laden | F489: 765.25359 | H489: 4.100625 | I489: 2424.4607
...

Sheet Age
A1: IMO | B1: Name | C1: Dwt | D1: Segment | E1: Vessel flag | F1: FINAL AGE
A2: 9221267 | B2: OCEANA KAI | C2: 14804 | D2: chemoil | E2: ABW | F2: 2001
A3: 9155626 | B3: ROYAL A | C3: 18094 | D3: lpg | E3: ABW | F3: 1998
A4: 9007386 | B4: XI WANG MU | C4: 50357 | D4: lpg | E4: ABW | F4: 1991
A5: 9125724 | B5: BLOOMING DALE | C5: 12083 | D5: tanker | E5: ABW | F5: 1996
A6: 9125724 | B6: BLOOMING DALE | C6: 12083 | D6: tanker | E6: ABW | F6: 1996
A7: 9176656 | B7: ASTRID 1 | C7: 32950 | D7: tanker | E7: ABW | F7: 1999
A8: 9277761 | B8: STELLANN | C8: 74999 | D8: tanker | E8: ABW | F8: 2004
A9: 9031519 | B9: MARSER | C9: 49242 | D9: lpg | E9: AGO | F9: 1993
A10: 9031519 | B10: MARSER | C10: 49242 | D10: lpg | E10: AGO | F10: 1993
A11: 9115303 | B11: NAVIXON | C11: 49849 | D11: lpg | E11: AGO | F11: 1996
A12: 9115303 | B12: NAVIXON | C12: 49849 | D12: lpg | E12: AGO | F12: 1996
A13: 9115303 | B13: NAVIXON | C13: 49849 | D13: lpg | E13: AGO | F13: 1996
... A1922: 9454474 | B1922: FIORA | C1922: 4020 | D1922: chemical | E1922: VUT | F1922: 2007

Sheet Shadow fleet
A1: IMO | B1: Vessel Name | C1: Dwt | D1: Vessel SubType | E1: Built | F1: Status
A2: 9247182 | B2: ABIE | C2: 302986 | D2: Crude Oil Tanker | E2: 2002 | F2: GHOST FLEET
A3: 9422964 | B3: ABRAU | C3: 3791 | D3: Bunkering Tanker | E3: 2007 | F3: DARK FLEET
A4: 9247388 | B4: ABROS | C4: 24086 | D4: Chem/Oil Products Tanker | E4: 2004 | F4: SANCTIONED FLEET
A5: 9368223 | B5: ACHILLES | C5: 108953 | D5: Oil Products Tanker | E5: 2008 | F5: SANCTIONED FLEET
A6: 9231767 | B6: ADALYNN | C6: 164551 | D6: Crude Oil Tanker | E6: 2002 | F6: GHOST FLEET
A7: 9234666 | B7: ADELINE G | C7: 317972 | D7: Crude Oil Tanker | E7: 2003 | F7: SANCTIONED FLEET
A8: 9254862 | B8: ADENA | C8: 70146 | D8: Oil Products Tanker | E8: 2003 | F8: SANCTIONED FLEET
A9: 9353125 | B9: ADHARA | C9: 37296 | D9: Chem/Oil Products Tanker | E9: 2008 | F9: SANCTIONED FLEET
A10: 9203784 | B10: ADITYA | C10: 160373 | D10: Crude Oil Tanker | E10: 2000 | F10: SANCTIONED FLEET
A11: 9323314 | B11: ADITYA | C11: 52622 | D11: Chem/Oil Products Tanker | E11: 2006 | F11: SANCTIONED FLEET
A12: 9274446 | B12: ADMIRAL | C12: 159083 | D12: Crude Oil Tanker | E12: 2004 | F12: SANCTIONED FLEET
A13: 9275660 | B13: AEGIS | C13: 69999 | D13: Crude Oil Tanker | E13: 2004 | F13: SANCTIONED FLEET
... A1612: 9908994 | B1612: ZVEZDA DSME 131080 | C1612: 113849 | D1612: Crude Oil Tanker | E1612: 2026 | F1612: SANCTIONED FLEET

Sheet DRY position
A1: Dry Position 1
A2: Prv | B2: Name | C2: Blt | D2: DWT | E2: Position | F2: Zone | G2: Open Dates | H2: Update | I2: Comments (Main) | J2: ETA 1 | K2: ETA M 1 | L2: Freight | M2: NTCE
A3: AXSCLUB | B3: AAL GEELONG | C3: 2009 | D3: 25820 | E3: Antwerp | F3: ARAG | G3: 01 - 07 May 26 | H3: 22 Apr 2026 11:24 GMT+02:00 | I3: 1 | J3: 1
A4: AXSAIS | B4: AFRICAN KESTREL | C4: 2018 | D4: 37787 | E4: Naga (Cebu) | F4: SE ASIA | G4: 28 Apr 26 | H4: 29 Apr 2026 00:42 GMT+02:00 | I4: 1 | J4: 1
A5: AXSAIS | B5: ALVAN | C5: 1998 | D5: 22882 | E5: Bandar Abbas | F5: AG | G5: 24 Apr 26 | H5: 25 Apr 2026 01:52 GMT+02:00 | I5: 1 | J5: 1
A6: AXSAIS | B6: ANASTASIIA | C6: 2006 | D6: 12730 | E6: ARAG | F6: ARAG | G6: 02 May 26 | H6: 02 May 2026 22:02 GMT+02:00 | I6: 1 | J6: 1
A7: AXSAIS | B7: ANNETTE A. DESGAGNES | C7: 2020 | D7: 12325 | E7: Corinto | F7: WCCA | G7: 28 Apr 26 | H7: 28 Apr 2026 10:02 GMT+02:00 | I7: 1 | J7: 1
A8: AXSAIS | B8: APJ KARAN 2 | C8: 2011 | D8: 3000 | E8: Port Blair | F8: EC INDIA | G8: 02 May 26 | H8: 02 May 2026 10:52 GMT+02:00 | I8: 1 | J8: 1
A9: AXSCLUB | B9: ARALIA | C9: 2007 | D9: 12859 | E9: AG | F9: AG | G9: 05 May 26 | H9: 30 Apr 2026 05:16 GMT+02:00 | I9: 1 | J9: 1
B10: ARIES | C10: 1980 | D10: 3574 | I10: 1 | J10: 1
A11: AXSAIS | B11: ARIES | C11: 2020 | D11: 6438 | E11: Guangzhou | F11: FEAST | G11: 28 Apr 26 | H11: 28 Apr 2026 06:32 GMT+02:00 | I11: 1 | J11: 1
A12: AXSAIS | B12: ARIES | C12: 1996 | D12: 5966 | E12: Caucedo | F12: CARIBS | G12: 01 May 26 | H12: 01 May 2026 02:32 GMT+02:00 | I12: 1 | J12: 1
A13: AXSAIS | B13: ASIAN VICTORY | C13: 2003 | D13: 7541 | E13: Kobe | F13: FEAST | G13: 02 May 26 | H13: 02 May 2026 02:32 GMT+02:00 | I13: 1 | J13: 1
B14: AURA | C14: 1993 | D14: 3645 | I14: 1 | J14: 1
A15: AXSAIS | B15: AYSAN | C15: 1998 | D15: 22882 | E15: Bandar Abbas | F15: AG | G15: 10 Apr 26 | H15: 10 Apr 2026 15:32 GMT+02:00 | I15: 1 | J15: 1
A16: AXSAIS | B16: BAK 8 | C16: 1996 | D16: 2326 | E16: Port Rashid | F16: AG | G16: 31 Mar 26 | H16: 31 Mar 2026 05:32 GMT+02:00 | I16: 1 | J16: 1
A17: AXSAIS | B17: BASRAH | C17: 2014 | D17: 17806 | E17: Jebel Ali | F17: AG | G17: 03 May 26 | H17: 03 May 2026 09:12 GMT+02:00 | I17: 1 | J17: 1
A18: AXSAIS | B18: BBC EMERALD | C18: 2013 | D18: 14371 | E18: NW AFRICA | F18: NW AFRICA | G18: 30 Apr 26 | H18: 30 Apr 2026 08:52 GMT+02:00 | I18: 1 | J18: 1
A19: AXSCLUB | B19: BBC GANGES | C19: 2010 | D19: 16943 | E19: AG | F19: AG | G19: 07 Mar 26 | H19: 19 Feb 2026 09:38 GMT+01:00 | I19: 1 | J19: 1
A20: AXSCLUB | B20: BBC HELSINKI | C20: 2025 | D20: 12266 | E20: China North | F20: FEAST | G20: 10 Mar 26 | H20: 02 Mar 2026 11:32 GMT+01:00 | I20: 1 | J20: 1
A21: AXSCLUB | B21: BBC ICELAND | C21: 2013 | D21: 24935 | E21: China North | F21: FEAST | G21: 10 May 26 | H21: 30 Apr 2026 05:16 GMT+02:00 | I21: 1 | J21: 1
A22: AXSCLUB | B22: BBC MANILA | C22: 2022 | D22: 12325 | E22: AG | F22: AG | G22: 05 May 26 | H22: 30 Apr 2026 05:16 GMT+02:00 | I22: 1 | J22: 1
A23: AXSCLUB | B23: BBC RIGA | C23: 2025 | D23: 12263 | E23: AG | F23: AG | G23: 05 May 26 | H23: 30 Apr 2026 05:16 GMT+02:00 | I23: 1 | J23: 1
A24: AXSCLUB | B24: BBC VOLGA | C24: 2009 | D24: 17303 | E24: China North | F24: FEAST | G24: 10 Apr 26 | H24: 02 Apr 2026 06:15 GMT+02:00 | I24: 1 | J24: 1
A25: AXSCLUB | B25: BESTEKAR | C25: 2006 | D25: 6399 | E25: Jebel Ali | F25: AG | G25: 27 Apr - 05 May 26 | H25: 22 Apr 2026 14:47 GMT+02:00 | I25: 1 | J25: 1
A26: AXSCLUB | B26: BORKUM | C26: 2012 | D26: 5489 | E26: Jebel Ali | F26: AG | G26: 27 - 30 Apr 26 | H26: 22 Apr 2026 14:47 GMT+02:00 | I26: 1 | J26: 1
... A29: AXSAIS | B29: CHUN SHUN 1 | C29: 1995 | D29: 10257 | E29: WC INDIA | F29: WC INDIA | G29: 01 May 26 | H29: 01 May 2026 05:32 GMT+02:00 | I29: 1 | J29: 1
B30: CRYSTAL | C30: 1989 | D30: 3105 | I30: 1 | J30: 1
A31: AXSAIS | B31: CSTAR VOYAGER | C31: 2003 | D31: 30396 | E31: WC INDIA | F31: WC INDIA | G31: 28 Apr 26 | H31: 28 Apr 2026 17:42 GMT+02:00 | I31: 1 | J31: 1
A32: AXSAIS | B32: DA CAI YUN | C32: 2012 | D32: 28377 | E32: Ras Tanura | F32: AG | G32: 16 Mar 26 | H32: 16 Mar 2026 18:02 GMT+01:00 | I32: 1 | J32: 1
A33: AXSAIS | B33: DA HONG XIA | C33: 2012 | D33: 28377 | E33: Bintan Island | F33: SE ASIA | G33: 02 May 26 | H33: 02 May 2026 18:12 GMT+02:00 | I33: 1 | J33: 1
A34: AXSAIS | B34: DA ZI YUN | C34: 2010 | D34: 28451 | E34: Ras Tanura | F34: AG | G34: 16 Mar 26 | H34: 16 Mar 2026 12:42 GMT+01:00 | I34: 1 | J34: 1
A35: AXSAIS | B35: DE BO 3 | C35: 2017 | D35: 20244 | E35: Gaolan | F35: FEAST | G35: 30 Apr 26 | H35: 30 Apr 2026 08:32 GMT+02:00 | I35: 1 | J35: 1
A36: AXSAIS | B36: DONGBANG GIANT NO. 5 | C36: 2006 | D36: 10884 | E36: Mina Zayed (Abu Dhabi) | F36: AG | G36: 30 Mar 26 | H36: 30 Mar 2026 14:12 GMT+02:00 | I36: 1 | J36: 1
A37: AXSAIS | B37: ELEGANCE | C37: 1983 | D37: 3230 | E37: Astrakhan | F37: CASPIAN | G37: 28 Apr 26 | H37: 28 Apr 2026 12:02 GMT+02:00 | I37: 1 | J37: 1
A38: AXSAIS | B38: ELYANA | C38: 1998 | D38: 22882 | E38: Misurata | F38: E MED | G38: 24 Apr 26 | H38: 24 Apr 2026 20:22 GMT+02:00 | I38: 1 | J38: 1
B39: EMPRESS | C39: 1985 | D39: 9444 | I39: 1 | J39: 1
A40: AXSCLUB | B40: ENCORE | C40: 2010 | D40: 17556 | E40: Mundra | F40: WC INDIA | G40: 11 Mar 26 | H40: 23 Feb 2026 09:48 GMT+01:00 | I40: 1 | J40: 1
A41: AXSCLUB | B41: ESEN | C41: 2000 | D41: 8959 | E41: Mumbai | F41: WC INDIA | G41: 08 - 10 May 26 | H41: 22 Apr 2026 14:47 GMT+02:00 | I41: 1 | J41: 1
A42: AXSAIS | B42: FRANBO PROGRESS | C42: 2010 | D42: 11004 | E42: Sharjah | F42: AG | G42: 05 Apr 26 | H42: 05 Apr 2026 10:32 GMT+02:00 | I42: 1 | J42: 1
A43: AXSAIS | B43: FSS SHANGHAI | C43: 2006 | D43: 12764 | E43: SE ASIA | F43: SE ASIA | G43: 03 May 26 | H43: 03 May 2026 06:42 GMT+02:00 | I43: 1 | J43: 1
B44: GIBE | C44: 2007 | D44: 27358 | I44: 1 | J44: 1
A45: AXSAIS | B45: GOLSAN | C45: 1998 | D45: 22882 | E45: Bandar Abbas | F45: AG | G45: 13 Apr 26 | H45: 13 Apr 2026 18:42 GMT+02:00 | I45: 1 | J45: 1
A46: AXSAIS | B46: GPO SAPPHIRE | C46: 2019 | D46: 63581 | E46: Vlissingen | F46: ARAG | G46: 27 Apr 26 | H46: 27 Apr 2026 06:32 GMT+02:00 | I46: 1 | J46: 1
A47: AXSAIS | B47: GULF KING | C47: 1994 | D47: 8637 | E47: Shinas | F47: AG | G47: 28 Apr 26 | H47: 28 Apr 2026 13:02 GMT+02:00 | I47: 1 | J47: 1
A48: AXSAIS | B48: HAI DUONG 09 | C48: 2006 | D48: 10959 | E48: Dammam | F48: AG | G48: 30 Apr 26 | H48: 01 May 2026 01:02 GMT+02:00 | I48: 1 | J48: 1
A49: AXSAIS | B49: HMM NAMU | C49: 2026 | D49: 38314 | E49: Dammam | F49: AG | G49: 16 Mar 26 | H49: 16 Mar 2026 21:52 GMT+01:00 | I49: 1 | J49: 1
A50: AXSAIS | B50: HMM NARU | C50: 2025 | D50: 38321 | E50: AG | F50: AG | G50: 27 Apr 26 | H50: 27 Apr 2026 23:22 GMT+02:00 | I50: 1 | J50: 1
A51: AXSAIS | B51: HYDRA | C51: 2007 | D51: 3150 | E51: Antwerp | F51: ARAG | G51: 30 Apr 26 | H51: 30 Apr 2026 19:22 GMT+02:00 | I51: 1 | J51: 1
A52: AXSAIS | B52: HYUNDAI ANTWERP | C52: 2011 | D52: 30175 | E52: WCCA | F52: WCCA | G52: 24 Apr 26 | H52: 24 Apr 2026 22:02 GMT+02:00 | I52: 1 | J52: 1
A53: AXSAIS | B53: INDUSTRIAL RUBY | C53: 2005 | D53: 10538 | E53: Rotterdam | F53: ARAG | G53: 22 Apr 26 | H53: 22 Apr 2026 22:32 GMT+02:00 | I53: 1 | J53: 1
A54: AXSAIS | B54: INDUSTRIAL SWIFT | C54: 2017 | D54: 12337 | E54: Khalifa | F54: AG | G54: 27 Apr 26 | H54: 27 Apr 2026 18:52 GMT+02:00 | I54: 1 | J54: 1
A55: AXSAIS | B55: IYO | C55: 2004 | D55: 19946 | E55: Balboa | F55: WCCA | G55: 03 May 26 | H55: 03 May 2026 09:32 GMT+02:00 | I55: 1 | J55: 1
A56: AXSAIS | B56: J CHEN | C56: 1996 | D56: 7713 | E56: RED SEA | F56: RED SEA | G56: 01 May 26 | H56: 01 May 2026 08:52 GMT+02:00 | I56: 1 | J56: 1
... A58: AXSAIS | B58: JIN XU XIANG 88 | C58: 2023 | D58: 25595 | E58: Jebel Ali | F58: AG | G58: 31 Mar 26 | H58: 01 Apr 2026 00:42 GMT+02:00 | I58: 1 | J58: 1
B59: KAI DA HONG ZHOU | C59: 2022 | D59: 23876 | I59: 1 | J59: 1
A60: AXSAIS | B60: KAPITAN DANILKIN | C60: 1987 | D60: 22910 | E60: Vladivostok | F60: FEAST | G60: 08 Apr 26 | H60: 08 Apr 2026 17:32 GMT+02:00 | I60: 1 | J60: 1
A61: AXSAIS | B61: KARINA DANICA | C61: 1991 | D61: 2130 | E61: Haiphong | F61: SE ASIA | G61: 19 Apr 26 | H61: 19 Apr 2026 10:52 GMT+02:00 | I61: 1 | J61: 1
A62: AXSAIS | B62: KSL DANYANG | C62: 2015 | D62: 38508 | E62: Shuaiba | F62: AG | G62: 10 Mar 26 | H62: 10 Mar 2026 14:02 GMT+01:00 | I62: 1 | J62: 1
A63: AXSAIS | B63: LADA | C63: 2000 | D63: 4556 | E63: Djibouti | F63: RED SEA | G63: 01 May 26 | H63: 01 May 2026 15:02 GMT+02:00 | I63: 1 | J63: 1
A64: AXSAIS | B64: LIBERTY HARVEST | C64: 2014 | D64: 24290 | E64: AG | F64: AG | G64: 28 Apr 26 | H64: 28 Apr 2026 18:52 GMT+02:00 | I64: 1 | J64: 1
A65: AXSAIS | B65: LIBRA | C65: 2020 | D65: 6438 | E65: Tobata (aka Kitakyushu) | F65: FEAST | G65: 02 May 26 | H65: 02 May 2026 14:32 GMT+02:00 | I65: 1 | J65: 1
A66: AXSAIS | B66: LIDIA | C66: 2024 | D66: 8330 | E66: Rostov-on-Don | F66: BLACK SEA | G66: 29 Apr 26 | H66: 29 Apr 2026 16:22 GMT+02:00 | I66: 1 | J66: 1
A67: AXSAIS | B67: LILA MUMBAI | C67: 2003 | D67: 29912 | E67: AG | F67: AG | G67: 02 May 26 | H67: 02 May 2026 04:42 GMT+02:00 | I67: 1 | J67: 1
A68: AXSCLUB | B68: LUCKY | C68: 2002 | D68: 10834 | E68: Davao | F68: SE ASIA | G68: 29 Apr 26 | H68: 16 Apr 2026 09:31 GMT+02:00 | I68: 1 | J68: 1
A69: AXSAIS | B69: LUCKY | C69: 1996 | D69: 6800 | E69: Varna | F69: BLACK SEA | G69: 30 Apr 26 | H69: 30 Apr 2026 15:12 GMT+02:00 | I69: 1 | J69: 1
A70: AXSAIS | B70: LUCKY FINDER | C70: 2009 | D70: 37268 | E70: Aarhus | F70: BALTIC | G70: 01 May 26 | H70: 01 May 2026 02:52 GMT+02:00 | I70: 1 | J70: 1
A71: AXSAIS | B71: MANTA OMER MECIT | C71: 2015 | D71: 38167 | E71: NW AFRICA | F71: NW AFRICA | G71: 26 Apr 26 | H71: 26 Apr 2026 23:22 GMT+02:00 | I71: 1 | J71: 1
... A78: AXSAIS | B78: NEW DRAGON | C78: 2007 | D78: 3713 | E78: Akadomari | F78: FEAST | G78: 03 May 26 | H78: 03 May 2026 02:32 GMT+02:00 | I78: 1 | J78: 1
B79: OCEAN HOPE | C79: 1968 | D79: 2509 | I79: 1 | J79: 1
B80: OCEAN LION | C80: 1996 | D80: 29538 | I80: 1 | J80: 1
A81: AXSAIS | B81: OLIVIA | C81: 2024 | D81: 7896 | E81: Holtenau | F81: BALTIC | G81: 03 May 26 | H81: 03 May 2026 09:42 GMT+02:00 | I81: 1 | J81: 1
A82: AXSAIS | B82: OLIVIA | C82: 2011 | D82: 12546 | E82: Yinkou (Rongcheng province) | F82: FEAST | G82: 22 Apr 26 | H82: 22 Apr 2026 08:32 GMT+02:00 | I82: 1 | J82: 1
A83: AXSAIS | B83: OPAL | C83: 1972 | D83: 4903 | E83: BLACK SEA | F83: BLACK SEA | G83: 18 Apr 26 | H83: 18 Apr 2026 11:32 GMT+02:00 | I83: 1 | J83: 1
A84: AXSAIS | B84: OPAL | C84: 2012 | D84: 19324 | E84: Hamad | F84: AG | G84: 03 May 26 | H84: 03 May 2026 08:32 GMT+02:00 | I84: 1 | J84: 1
A85: AXSCLUB | B85: OPTIMAX I | C85: 2004 | D85: 7846 | E85: Shanghai | F85: FEAST | G85: 23 Apr 26 | H85: 15 Apr 2026 11:07 GMT+02:00 | I85: 1 | J85: 1
A86: AXSCLUB | B86: PACIFIC DAWN | C86: 2010 | D86: 3750 | E86: Palma de Mallorca | F86: W MED | G86: 20 Mar 26 | H86: 03 Mar 2026 00:43 GMT+01:00 | I86: 1 | J86: 1
A87: AXSAIS | B87: PACIFIC PROSPECT | C87: 2022 | D87: 61597 | E87: NW AFRICA | F87: NW AFRICA | G87: 30 Apr 26 | H87: 30 Apr 2026 23:52 GMT+02:00 | I87: 1 | J87: 1
A88: AXSAIS | B88: PARANDOWSKI | C88: 2010 | D88: 30346 | E88: NOPAC | F88: NOPAC | G88: 26 Apr 26 | H88: 26 Apr 2026 17:52 GMT+02:00 | I88: 1 | J88: 1
A89: AXSAIS | B89: PEARL | C89: 1988 | D89: 2042 | E89: Al Hamriyah (Dubai) | F89: AG | G89: 02 May 26 | H89: 02 May 2026 07:52 GMT+02:00 | I89: 1 | J89: 1
B90: PEARL | C90: 1980 | D90: 1990 | I90: 1 | J90: 1
B91: PSL EAGLE | C91: 1999 | D91: 4535 | I91: 1 | J91: 1
A92: AXSCLUB | B92: ROSAIRE A. DESGAGNES | C92: 2007 | D92: 12776 | E92: AG | F92: AG | G92: 13 Mar 26 | H92: 02 Mar 2026 11:32 GMT+01:00 | I92: 1 | J92: 1
A93: AXSCLUB | B93: RUBY | C93: 2012 | D93: 37039 | E93: EC INDIA | F93: EC INDIA | G93: 10 - 15 Apr 26 | H93: 30 Mar 2026 10:19 GMT+02:00 | I93: 1 | J93: 1
A94: AXSAIS | B94: SAGA HORIZON | C94: 1995 | D94: 47016 | E94: BALTIC | F94: BALTIC | G94: 30 Apr 26 | H94: 30 Apr 2026 18:02 GMT+02:00 | I94: 1 | J94: 1
A95: AXSAIS | B95: SAIF 1 | C95: 1983 | D95: 3116 | E95: Umm Qasr | F95: AG | G95: 26 Apr 26 | H95: 26 Apr 2026 07:02 GMT+02:00 | I95: 1 | J95: 1
A96: AXSCLUB | B96: SARACA | C96: 2005 | D96: 37832 | E96: Dammam | F96: AG | G96: 24 Apr 26 | H96: 22 Apr 2026 15:22 GMT+02:00 | I96: 1 | J96: 1
A97: AXSAIS | B97: SCL MERCURY | C97: 2002 | D97: 8097 | E97: Kandla (Deendayal Port) | F97: WC INDIA | G97: 08 Mar 26 | H97: 08 Mar 2026 01:22 GMT+01:00 | I97: 1 | J97: 1
A98: AXSAIS | B98: SEDRA | C98: 1997 | D98: 8865 | E98: Al Hamriyah (Dubai) | F98: AG | G98: 16 Apr 26 | H98: 16 Apr 2026 17:42 GMT+02:00 | I98: 1 | J98: 1
A99: AXSAIS | B99: SILVER PEACE | C99: 2011 | D99: 12271 | E99: Waigaoqiao | F99: FEAST | G99: 30 Apr 26 | H99: 30 Apr 2026 03:12 GMT+02:00 | I99: 1 | J99: 1
A100: AXSAIS | B100: SIYA | C100: 2007 | D100: 10475 | E100: Burgas | F100: BLACK SEA | G100: 02 May 26 | H100: 02 May 2026 22:02 GMT+02:00 | I100: 1 | J100: 1
A101: AXSAIS | B101: ST. SOFIA | C101: 2010 | D101: 16576 | E101: E MED | F101: E MED | G101: 29 Apr 26 | H101: 29 Apr 2026 18:02 GMT+02:00 | I101: 1 | J101: 1
A102: AXSCLUB | B102: STAR HUASHAN | C102: 1998 | D102: 15635 | E102: Zhoushan | F102: FEAST | G102: 01 - 05 May 26 | H102: 13 Apr 2026 06:03 GMT+02:00 | I102: 1 | J102: 1
A103: AXSAIS | B103: STELLINA | C103: 2014 | D103: 26052 | E103: FEAST | F103: FEAST | G103: 26 Apr 26 | H103: 26 Apr 2026 19:32 GMT+02:00 | I103: 1 | J103: 1
... A111: AXSAIS | B111: UNILIGHT | C111: 2010 | D111: 9697 | E111: Mocimboa | F111: E AFRICA | G111: 25 Apr 26 | H111: 25 Apr 2026 14:32 GMT+02:00 | I111: 1 | J111: 1
B112: V MONOCEROS | C112: 2011 | D112: 33145 | I112: 1 | J112: 1
A113: AXSAIS | B113: VANGUARD | C113: 2013 | D113: 37084 | E113: Jakarta (Tanjung Priok) | F113: SE ASIA | G113: 28 Apr 26 | H113: 28 Apr 2026 04:52 GMT+02:00 | I113: 1 | J113: 1
A114: AXSAIS | B114: VICTORIA | C114: 2010 | D114: 8063 | E114: Naples | F114: W MED | G114: 03 May 26 | H114: 03 May 2026 07:02 GMT+02:00 | I114: 1 | J114: 1
A115: AXSAIS | B115: VLC 1 | C115: 2005 | D115: 5398 | E115: AG | F115: AG | G115: 02 May 26 | H115: 02 May 2026 12:22 GMT+02:00 | I115: 1 | J115: 1
A116: AXSAIS | B116: WLADYSLAW ORKAN | C116: 2003 | D116: 30435 | E116: Kuwait City | F116: AG | G116: 12 Mar 26 | H116: 12 Mar 2026 02:52 GMT+01:00 | I116: 1 | J116: 1
...
