Workbook

Sheet Export
A1: Date | B1: Move | C1: IMO | D1: Name | E1: Shadow | F1: Shadow Status | G1: Dwt | H1: Segment | I1: Vessel flag | J1: ais destination
A2: 46099 | B2: East→West | C2: 8912546 | D2: SALUTE | E2: =IF(COUNTIF(Sheet1!A:A,Export!C2)>0,1,0) -> 0 | F2: =IF(COUNTIF(Sheet1!B:B,Export!D2)>0,Sheet1!F2,0) -> 0 | G2: 49301 | H2: lpg | I2: BWA | J2: For Orders
A3: 46099 | B3: East→West | C3: 9100504 | D3: GULF KING | E3: =IF(COUNTIF(Sheet1!A:A,Export!C3)>0,1,0) -> 0 | F3: =IF(COUNTIF(Sheet1!B:B,Export!D3)>0,Sheet1!F3,0) -> 0 | G3: 8637 | H3: mpp | I3: COM
A4: 46099 | B4: East→West | C4: 9309239 | D4: EURO VIKING | E4: =IF(COUNTIF(Sheet1!A:A,Export!C4)>0,1,0) -> 1 | F4: =IF(COUNTIF(Sheet1!B:B,Export!D4)>0,Sheet1!F4,0) -> SANCTIONED FLEET | G4: 24333 | H4: chemoil | I4: CUW
A5: 46099 | B5: West→East | C5: 9307009 | D5: YES | E5: =IF(COUNTIF(Sheet1!A:A,Export!C5)>0,1,0) -> 0 | F5: =IF(COUNTIF(Sheet1!B:B,Export!D5)>0,Sheet1!F5,0) -> 0 | G5: 66940 | H5: liner | I5: GUY | J5: Jebel Ali
A6: 46098 | B6: East→West | C6: 9125724 | D6: BLOOMING DALE | E6: =IF(COUNTIF(Sheet1!A:A,Export!C6)>0,1,0) -> 1 | F6: =IF(COUNTIF(Sheet1!B:B,Export!D6)>0,Sheet1!F6,0) -> GHOST FLEET | G6: 12083 | H6: tanker | I6: ABW | J6: Khor Fakkan
A7: 46098 | B7: East→West | C7: 9211664 | D7: CHEMTRANS | E7: =IF(COUNTIF(Sheet1!A:A,Export!C7)>0,1,0) -> 0 | F7: =IF(COUNTIF(Sheet1!B:B,Export!D7)>0,Sheet1!F7,0) -> 0 | G7: 6712 | H7: chemical | I7: PLW | J7: Hamriya Free Zone Port
A8: 46098 | B8: East→West | C8: 9287962 | D8: JC PEACE | E8: =IF(COUNTIF(Sheet1!A:A,Export!C8)>0,1,0) -> 0 | F8: =IF(COUNTIF(Sheet1!B:B,Export!D8)>0,Sheet1!F8,0) -> 0 | G8: 53299 | H8: dry | I8: PAN | J8: Umm Qasr
A9: 46098 | B9: East→West | C9: 9307009 | D9: YES | E9: =IF(COUNTIF(Sheet1!A:A,Export!C9)>0,1,0) -> 0 | F9: =IF(COUNTIF(Sheet1!B:B,Export!D9)>0,Sheet1!F9,0) -> 0 | G9: 66940 | H9: liner | I9: GUY | J9: Jebel Ali
A10: 46098 | B10: East→West | C10: 9574016 | D10: AL SADR - I | E10: =IF(COUNTIF(Sheet1!A:A,Export!C10)>0,1,0) -> 0 | F10: =IF(COUNTIF(Sheet1!B:B,Export!D10)>0,Sheet1!F10,0) -> 0 | G10: 13944 | H10: liner | I10: ARE | J10: World Wide
A11: 46098 | B11: East→West | C11: 9700017 | D11: HATTHAYA NAREE | E11: =IF(COUNTIF(Sheet1!A:A,Export!C11)>0,1,0) -> 0 | F11: =IF(COUNTIF(Sheet1!B:B,Export!D11)>0,Sheet1!F11,0) -> 0 | G11: 39266 | H11: dry | I11: SGP | J11: For Orders
A12: 46098 | B12: West→East | C12: 9088536 | D12: SEA BIRD | E12: =IF(COUNTIF(Sheet1!A:A,Export!C12)>0,1,0) -> 0 | F12: =IF(COUNTIF(Sheet1!B:B,Export!D12)>0,Sheet1!F12,0) -> 0 | G12: 49679 | H12: lpg | I12: PLW | J12: Hamriya Free Zone Port
A13: 46098 | B13: West→East | C13: 9277761 | D13: STELLANN | E13: =IF(COUNTIF(Sheet1!A:A,Export!C13)>0,1,0) -> 1 | F13: =IF(COUNTIF(Sheet1!B:B,Export!D13)>0,Sheet1!F13,0) -> SANCTIONED FLEET | G13: 74999 | H13: tanker | I13: ABW | J13: Lianyungang
A14: 46098 | B14: West→East | C14: 9283007 | D14: ARTABAZ | E14: =IF(COUNTIF(Sheet1!A:A,Export!C14)>0,1,0) -> 0 | F14: =IF(COUNTIF(Sheet1!B:B,Export!D14)>0,Sheet1!F14,0) -> 0 | G14: 33853 | H14: liner | I14: IRN | J14: Port Kelang
A15: 46098 | B15: West→East | C15: 9284154 | D15: ARTAM | E15: =IF(COUNTIF(Sheet1!A:A,Export!C15)>0,1,0) -> 0 | F15: =IF(COUNTIF(Sheet1!B:B,Export!D15)>0,Sheet1!F15,0) -> 0 | G15: 37875 | H15: liner | I15: IRN | J15: Chabahar
A16: 46097 | B16: East→West | C16: 9056806 | D16: VISTA III | E16: =IF(COUNTIF(Sheet1!A:A,Export!C16)>0,1,0) -> 0 | F16: =IF(COUNTIF(Sheet1!B:B,Export!D16)>0,Sheet1!F16,0) -> 0 | G16: 142674 | H16: fso | I16: PAN | J16: Fujairah
A17: 46097 | B17: East→West | C17: 9115303 | D17: NAVIXON | E17: =IF(COUNTIF(Sheet1!A:A,Export!C17)>0,1,0) -> 0 | F17: =IF(COUNTIF(Sheet1!B:B,Export!D17)>0,Sheet1!F17,0) -> 0 | G17: 49849 | H17: lpg | I17: AGO | J17: For Orders
A18: 46097 | B18: East→West | C18: 9117600 | D18: OCEAN LION | E18: =IF(COUNTIF(Sheet1!A:A,Export!C18)>0,1,0) -> 0 | F18: =IF(COUNTIF(Sheet1!B:B,Export!D18)>0,Sheet1!F18,0) -> 0 | G18: 29538 | H18: mpp | I18: COM
A19: 46097 | B19: East→West | C19: 9141962 | D19: GAS RGA | E19: =IF(COUNTIF(Sheet1!A:A,Export!C19)>0,1,0) -> 0 | F19: =IF(COUNTIF(Sheet1!B:B,Export!D19)>0,Sheet1!F19,0) -> 0 | G19: 4252 | H19: lpg | I19: PLW | J19: Khor Fakkan
A20: 46097 | B20: East→West | C20: 9220938 | D20: MODESTE | E20: =IF(COUNTIF(Sheet1!A:A,Export!C20)>0,1,0) -> 1 | F20: =IF(COUNTIF(Sheet1!B:B,Export!D20)>0,Sheet1!F20,0) -> SANCTIONED FLEET | G20: 42721 | H20: chemoil | I20: GMB | J20: Shinas
A21: 46097 | B21: East→West | C21: 9232369 | D21: NYMPH THETIS | E21: =IF(COUNTIF(Sheet1!A:A,Export!C21)>0,1,0) -> 1 | F21: =IF(COUNTIF(Sheet1!B:B,Export!D21)>0,Sheet1!F21,0) -> SANCTIONED FLEET | G21: 17427 | H21: chemical | I21: BRB
A22: 46097 | B22: East→West | C22: 9237395 | D22: NAVIS | E22: =IF(COUNTIF(Sheet1!A:A,Export!C22)>0,1,0) -> 0 | F22: =IF(COUNTIF(Sheet1!B:B,Export!D22)>0,Sheet1!F22,0) -> 0 | G22: 28379 | H22: dry | I22: KNA | J22: Khor Fakkan
A23: 46097 | B23: East→West | C23: 9256925 | D23: TARYN EVE | E23: =IF(COUNTIF(Sheet1!A:A,Export!C23)>0,1,0) -> 0 | F23: =IF(COUNTIF(Sheet1!B:B,Export!D23)>0,Sheet1!F23,0) -> 0 | G23: 47791 | H23: chemoil | I23: BRB | J23: Khor Fakkan
A24: 46097 | B24: East→West | C24: 9267962 | D24: HOOT | E24: =IF(COUNTIF(Sheet1!A:A,Export!C24)>0,1,0) -> 0 | F24: =IF(COUNTIF(Sheet1!B:B,Export!D24)>0,Sheet1!F24,0) -> 0 | G24: 8709 | H24: lpg | I24: BWA | J24: Khor Fakkan
A25: 46097 | B25: East→West | C25: 9292046 | D25: NOVA CREST | E25: =IF(COUNTIF(Sheet1!A:A,Export!C25)>0,1,0) -> 1 | F25: =IF(COUNTIF(Sheet1!B:B,Export!D25)>0,Sheet1!F25,0) -> SANCTIONED FLEET | G25: 46697 | H25: tanker | I25: BRB | J25: Khor Fakkan
A26: 46097 | B26: East→West | C26: 9322097 | D26: AVIDEEP | E26: =IF(COUNTIF(Sheet1!A:A,Export!C26)>0,1,0) -> 0 | F26: =IF(COUNTIF(Sheet1!B:B,Export!D26)>0,Sheet1!F26,0) -> 0 | G26: 13125 | H26: chemoil | I26: PAN | J26: Khor Fakkan
A27: 46097 | B27: East→West | C27: 9350290 | D27: BW LOYALTY | E27: =IF(COUNTIF(Sheet1!A:A,Export!C27)>0,1,0) -> 0 | F27: =IF(COUNTIF(Sheet1!B:B,Export!D27)>0,Sheet1!F27,0) -> 0 | G27: 55057 | H27: lpg | I27: IND | J27: Port Rashid
A28: 46097 | B28: East→West | C28: 9389863 | D28: SHAHRAZAD | E28: =IF(COUNTIF(Sheet1!A:A,Export!C28)>0,1,0) -> 0 | F28: =IF(COUNTIF(Sheet1!B:B,Export!D28)>0,Sheet1!F28,0) -> 0 | G28: 74999 | H28: tanker | I28: LBR | J28: For Orders
A29: 46097 | B29: East→West | C29: 9451305 | D29: DA ZI YUN | E29: =IF(COUNTIF(Sheet1!A:A,Export!C29)>0,1,0) -> 0 | F29: =IF(COUNTIF(Sheet1!B:B,Export!D29)>0,Sheet1!F29,0) -> 0 | G29: 28451 | H29: mpp | I29: HKG | J29: World Wide
A30: 46097 | B30: East→West | C30: 9470076 | D30: STAR FLAME | E30: =IF(COUNTIF(Sheet1!A:A,Export!C30)>0,1,0) -> 0 | F30: =IF(COUNTIF(Sheet1!B:B,Export!D30)>0,Sheet1!F30,0) -> 0 | G30: 80448 | H30: dry | I30: CYM | J30: Fujairah
A31: 46097 | B31: East→West | C31: 9513763 | D31: NAVE SYNERGY | E31: =IF(COUNTIF(Sheet1!A:A,Export!C31)>0,1,0) -> 0 | F31: =IF(COUNTIF(Sheet1!B:B,Export!D31)>0,Sheet1!F31,0) -> 0 | G31: 309483 | H31: tanker | I31: LBR | J31: Fujairah
A32: 46097 | B32: East→West | C32: 9516545 | D32: DAISY | E32: =IF(COUNTIF(Sheet1!A:A,Export!C32)>0,1,0) -> 0 | F32: =IF(COUNTIF(Sheet1!B:B,Export!D32)>0,Sheet1!F32,0) -> 0 | G32: 7281 | H32: tanker | I32: DMA | J32: Fujairah
A33: 46097 | B33: East→West | C33: 9534793 | D33: AL SALMI | E33: =IF(COUNTIF(Sheet1!A:A,Export!C33)>0,1,0) -> 0 | F33: =IF(COUNTIF(Sheet1!B:B,Export!D33)>0,Sheet1!F33,0) -> GHOST FLEET | G33: 319660 | H33: tanker | I33: KWT | J33: Qingdao
... A60: 46096 | B60: West→East | C60: 9115303 | D60: NAVIXON | E60: =IF(COUNTIF(Sheet1!A:A,Export!C60)>0,1,0) -> 0 | F60: =IF(COUNTIF(Sheet1!B:B,Export!D60)>0,Sheet1!F60,0) -> 0 | G60: 49849 | H60: lpg | I60: AGO | J60: For Orders
A61: 46096 | B61: West→East | C61: 9232369 | D61: NYMPH THETIS | E61: =IF(COUNTIF(Sheet1!A:A,Export!C61)>0,1,0) -> 1 | F61: =IF(COUNTIF(Sheet1!B:B,Export!D61)>0,Sheet1!F61,0) -> SANCTIONED FLEET | G61: 17427 | H61: chemical | I61: BRB
A62: 46096 | B62: West→East | C62: 9267948 | D62: OCEAN GUARDIAN | E62: =IF(COUNTIF(Sheet1!A:A,Export!C62)>0,1,0) -> 1 | F62: =IF(COUNTIF(Sheet1!B:B,Export!D62)>0,Sheet1!F62,0) -> SANCTIONED FLEET | G62: 46101 | H62: tanker | I62: PAN | J62: For Orders
A63: 46096 | B63: West→East | C63: 9301031 | D63: STAR GWYNETH | E63: =IF(COUNTIF(Sheet1!A:A,Export!C63)>0,1,0) -> 0 | F63: =IF(COUNTIF(Sheet1!B:B,Export!D63)>0,Sheet1!F63,0) -> 0 | G63: 82790 | H63: dry | I63: MHL | J63: Santos
A64: 46096 | B64: West→East | C64: 9307009 | D64: YES | E64: =IF(COUNTIF(Sheet1!A:A,Export!C64)>0,1,0) -> 0 | F64: =IF(COUNTIF(Sheet1!B:B,Export!D64)>0,Sheet1!F64,0) -> 0 | G64: 66940 | H64: liner | I64: GUY | J64: Jebel Ali
A65: 46096 | B65: West→East | C65: 9350290 | D65: BW LOYALTY | E65: =IF(COUNTIF(Sheet1!A:A,Export!C65)>0,1,0) -> 0 | F65: =IF(COUNTIF(Sheet1!B:B,Export!D65)>0,Sheet1!F65,0) -> 0 | G65: 55057 | H65: lpg | I65: IND | J65: Port Rashid
A66: 46096 | B66: West→East | C66: 9389863 | D66: SHAHRAZAD | E66: =IF(COUNTIF(Sheet1!A:A,Export!C66)>0,1,0) -> 0 | F66: =IF(COUNTIF(Sheet1!B:B,Export!D66)>0,Sheet1!F66,0) -> 0 | G66: 74999 | H66: tanker | I66: LBR | J66: For Orders
A67: 46096 | B67: West→East | C67: 9422328 | D67: MINOAN SKY | E67: =IF(COUNTIF(Sheet1!A:A,Export!C67)>0,1,0) -> 0 | F67: =IF(COUNTIF(Sheet1!B:B,Export!D67)>0,Sheet1!F67,0) -> 0 | G67: 75118 | H67: dry | I67: LBR | J67: Shinas
A68: 46096 | B68: West→East | C68: 9451305 | D68: DA ZI YUN | E68: =IF(COUNTIF(Sheet1!A:A,Export!C68)>0,1,0) -> 0 | F68: =IF(COUNTIF(Sheet1!B:B,Export!D68)>0,Sheet1!F68,0) -> 0 | G68: 28451 | H68: mpp | I68: HKG | J68: World Wide
A69: 46096 | B69: West→East | C69: 9457153 | D69: BORKUM | E69: =IF(COUNTIF(Sheet1!A:A,Export!C69)>0,1,0) -> 0 | F69: =IF(COUNTIF(Sheet1!B:B,Export!D69)>0,Sheet1!F69,0) -> 0 | G69: 5489 | H69: mpp | I69: ATG | J69: Port Rashid
A70: 46096 | B70: West→East | C70: 9470076 | D70: STAR FLAME | E70: =IF(COUNTIF(Sheet1!A:A,Export!C70)>0,1,0) -> 0 | F70: =IF(COUNTIF(Sheet1!B:B,Export!D70)>0,Sheet1!F70,0) -> 0 | G70: 80448 | H70: dry | I70: CYM | J70: Fujairah
A71: 46096 | B71: West→East | C71: 9534793 | D71: AL SALMI | E71: =IF(COUNTIF(Sheet1!A:A,Export!C71)>0,1,0) -> 0 | F71: =IF(COUNTIF(Sheet1!B:B,Export!D71)>0,Sheet1!F71,0) -> GHOST FLEET | G71: 319660 | H71: tanker | I71: KWT | J71: Qingdao
A72: 46096 | B72: West→East | C72: 9574016 | D72: AL SADR - I | E72: =IF(COUNTIF(Sheet1!A:A,Export!C72)>0,1,0) -> 0 | F72: =IF(COUNTIF(Sheet1!B:B,Export!D72)>0,Sheet1!F72,0) -> 0 | G72: 13944 | H72: liner | I72: ARE | J72: World Wide
A73: 46096 | B73: West→East | C73: 9583756 | D73: GEORGIA T | E73: =IF(COUNTIF(Sheet1!A:A,Export!C73)>0,1,0) -> 0 | F73: =IF(COUNTIF(Sheet1!B:B,Export!D73)>0,Sheet1!F73,0) -> 0 | G73: 80416 | H73: dry | I73: LBR | J73: Santos
... A86: 46094 | B86: West→East | C86: 9205653 | D86: OCEAN FUEL | E86: =IF(COUNTIF(Sheet1!A:A,Export!C86)>0,1,0) -> 0 | F86: =IF(COUNTIF(Sheet1!B:B,Export!D86)>0,Sheet1!F86,0) -> 0 | G86: 8762 | H86: chemical | I86: COM | J86: World Wide
A87: 46094 | B87: West→East | C87: 9294484 | D87: MINOAN DIGNITY | E87: =IF(COUNTIF(Sheet1!A:A,Export!C87)>0,1,0) -> 0 | F87: =IF(COUNTIF(Sheet1!B:B,Export!D87)>0,Sheet1!F87,0) -> 0 | G87: 76801 | H87: dry | I87: LBR
A88: 46094 | B88: West→East | C88: 9356892 | D88: SHIVALIK | E88: =IF(COUNTIF(Sheet1!A:A,Export!C88)>0,1,0) -> 0 | F88: =IF(COUNTIF(Sheet1!B:B,Export!D88)>0,Sheet1!F88,0) -> 0 | G88: 54534 | H88: lpg | I88: IND | J88: Ennore (aka Kamarajar)
A89: 46093 | B89: East→West | C89: 9247778 | D89: BREEZ | E89: =IF(COUNTIF(Sheet1!A:A,Export!C89)>0,1,0) -> 1 | F89: =IF(COUNTIF(Sheet1!B:B,Export!D89)>0,Sheet1!F89,0) -> DARK FLEET | G89: 47038 | H89: tanker | I89: COM | J89: Bandar Abbas
A90: 46093 | B90: East→West | C90: 9307009 | D90: YES | E90: =IF(COUNTIF(Sheet1!A:A,Export!C90)>0,1,0) -> 0 | F90: =IF(COUNTIF(Sheet1!B:B,Export!D90)>0,Sheet1!F90,0) -> 0 | G90: 66940 | H90: liner | I90: GUY | J90: Jebel Ali
A91: 46093 | B91: East→West | C91: 9403554 | D91: SERENGETI | E91: =IF(COUNTIF(Sheet1!A:A,Export!C91)>0,1,0) -> 0 | F91: =IF(COUNTIF(Sheet1!B:B,Export!D91)>0,Sheet1!F91,0) -> 0 | G91: 74999 | H91: tanker | I91: LBR | J91: Ras Tanura
A92: 46093 | B92: West→East | C92: 9108996 | D92: CHUN SHUN 1 | E92: =IF(COUNTIF(Sheet1!A:A,Export!C92)>0,1,0) -> 0 | F92: =IF(COUNTIF(Sheet1!B:B,Export!D92)>0,Sheet1!F92,0) -> 0 | G92: 10257 | H92: mpp | I92: PAN | J92: Karachi
A93: 46093 | B93: West→East | C93: 9285562 | D93: BROAD RICH | E93: =IF(COUNTIF(Sheet1!A:A,Export!C93)>0,1,0) -> 0 | F93: =IF(COUNTIF(Sheet1!B:B,Export!D93)>0,Sheet1!F93,0) -> 0 | G93: 77598 | H93: dry | I93: PAN | J93: World Wide
A94: 46092 | B94: East→West | C94: 9043146 | D94: SEDRA | E94: =IF(COUNTIF(Sheet1!A:A,Export!C94)>0,1,0) -> 0 | F94: =IF(COUNTIF(Sheet1!B:B,Export!D94)>0,Sheet1!F94,0) -> 0 | G94: 8865 | H94: mpp | I94: PAN | J94: Hamad
A95: 46092 | B95: East→West | C95: 9284142 | D95: ARZIN | E95: =IF(COUNTIF(Sheet1!A:A,Export!C95)>0,1,0) -> 0 | F95: =IF(COUNTIF(Sheet1!B:B,Export!D95)>0,Sheet1!F95,0) -> 0 | G95: 33812 | H95: liner | I95: IRN | J95: Bandar Abbas
A96: 46092 | B96: East→West | C96: 9301196 | D96: RIVA GLORY | E96: =IF(COUNTIF(Sheet1!A:A,Export!C96)>0,1,0) -> 0 | F96: =IF(COUNTIF(Sheet1!B:B,Export!D96)>0,Sheet1!F96,0) -> 0 | G96: 53533 | H96: dry | I96: PAN | J96: World Wide
A97: 46092 | B97: East→West | C97: 9820271 | D97: HAMOUNA | E97: =IF(COUNTIF(Sheet1!A:A,Export!C97)>0,1,0) -> 0 | F97: =IF(COUNTIF(Sheet1!B:B,Export!D97)>0,Sheet1!F97,0) -> 0 | G97: 148558 | H97: liner | I97: IRN | J97: Bandar Abbas
A98: 46092 | B98: West→East | C98: 8938423 | D98: BAK 8 | E98: =IF(COUNTIF(Sheet1!A:A,Export!C98)>0,1,0) -> 0 | F98: =IF(COUNTIF(Sheet1!B:B,Export!D98)>0,Sheet1!F98,0) -> 0 | G98: 2326 | H98: mpp | I98: BHR | J98: World Wide
A99: 46092 | B99: West→East | C99: 9031519 | D99: MARSER | E99: =IF(COUNTIF(Sheet1!A:A,Export!C99)>0,1,0) -> 0 | F99: =IF(COUNTIF(Sheet1!B:B,Export!D99)>0,Sheet1!F99,0) -> 0 | G99: 49242 | H99: lpg | I99: AGO | J99: For Orders
... A230: 46082 | B230: West→East | C230: 9820257 | D230: RADIN | E230: =IF(COUNTIF(Sheet1!A:A,Export!C230)>0,1,0) -> 0 | F230: =IF(COUNTIF(Sheet1!B:B,Export!D230)>0,Sheet1!F230,0) -> 0 | G230: 148611 | H230: liner | I230: IRN | J230: Zhuhai
A231: 46082 | B231: West→East | C231: 9820300 | D231: MARVIN FAITH | E231: =IF(COUNTIF(Sheet1!A:A,Export!C231)>0,1,0) -> 0 | F231: =IF(COUNTIF(Sheet1!B:B,Export!D231)>0,Sheet1!F231,0) -> 0 | G231: 49552 | H231: chemoil | I231: PAN
A232: 46082 | B232: West→East | C232: 9820324 | D232: DALIA | E232: =IF(COUNTIF(Sheet1!A:A,Export!C232)>0,1,0) -> 1 | F232: =IF(COUNTIF(Sheet1!B:B,Export!D232)>0,Sheet1!F232,0) -> DARK FLEET | G232: 50154 | H232: chemoil | I232: IRN | J232: Chabahar
A233: 46082 | B233: West→East | C233: 9825087 | D233: HERCULES COMET | E233: =IF(COUNTIF(Sheet1!A:A,Export!C233)>0,1,0) -> 0 | F233: =IF(COUNTIF(Sheet1!B:B,Export!D233)>0,Sheet1!F233,0) -> 0 | G233: 7999 | H233: tanker | I233: GIB | J233: Khor Fakkan
A234: 46082 | B234: West→East | C234: 9948750 | D234: ASTRID MAERSK | E234: =IF(COUNTIF(Sheet1!A:A,Export!C234)>0,1,0) -> 0 | F234: =IF(COUNTIF(Sheet1!B:B,Export!D234)>0,Sheet1!F234,0) -> 0 | G234: 190567 | H234: liner | I234: DNK | J234: Mundra
A235: 46082 | B235: West→East | C235: 9990363 | D235: UTHITA NAREE | E235: =IF(COUNTIF(Sheet1!A:A,Export!C235)>0,1,0) -> 0 | F235: =IF(COUNTIF(Sheet1!B:B,Export!D235)>0,Sheet1!F235,0) -> 0 | G235: 66057 | H235: dry | I235: SGP | J235: Khor Fakkan
A236: 46081 | B236: East→West | C236: 9196395 | D236: UNITED ID | E236: =IF(COUNTIF(Sheet1!A:A,Export!C236)>0,1,0) -> 0 | F236: =IF(COUNTIF(Sheet1!B:B,Export!D236)>0,Sheet1!F236,0) -> 0 | G236: 27797 | H236: dry | I236: KNA | J236: Khor Fakkan
A237: 46081 | B237: East→West | C237: 9202156 | D237: MYD NINGBO | E237: =IF(COUNTIF(Sheet1!A:A,Export!C237)>0,1,0) -> 0 | F237: =IF(COUNTIF(Sheet1!B:B,Export!D237)>0,Sheet1!F237,0) -> 0 | G237: 19309 | H237: liner | I237: PAN | J237: World Wide
A238: 46081 | B238: East→West | C238: 9206023 | D238: JASA MURNI | E238: =IF(COUNTIF(Sheet1!A:A,Export!C238)>0,1,0) -> 0 | F238: =IF(COUNTIF(Sheet1!B:B,Export!D238)>0,Sheet1!F238,0) -> 0 | G238: 15127 | H238: pctc | I238: MYS | J238: Jebel Ali
A239: 46081 | B239: East→West | C239: 9212515 | D239: PSL EAGLE | E239: =IF(COUNTIF(Sheet1!A:A,Export!C239)>0,1,0) -> 0 | F239: =IF(COUNTIF(Sheet1!B:B,Export!D239)>0,Sheet1!F239,0) -> 0 | G239: 4535 | H239: mpp | I239: COM | J239: Jebel Ali
A240: 46081 | B240: East→West | C240: 9239848 | D240: NORDIC POLLUX | E240: =IF(COUNTIF(Sheet1!A:A,Export!C240)>0,1,0) -> 0 | F240: =IF(COUNTIF(Sheet1!B:B,Export!D240)>0,Sheet1!F240,0) -> 0 | G240: 149951 | H240: tanker | I240: CYM | J240: Ras Tanura
A241: 46081 | B241: East→West | C241: 9263382 | D241: REEF | E241: =IF(COUNTIF(Sheet1!A:A,Export!C241)>0,1,0) -> 1 | F241: =IF(COUNTIF(Sheet1!B:B,Export!D241)>0,Sheet1!F241,0) -> DARK FLEET | G241: 18736 | H241: chemoil | I241: GIN | J241: Khor Al Zubair
A242: 46081 | B242: East→West | C242: 9277773 | D242: HAPPY CAMPER | E242: =IF(COUNTIF(Sheet1!A:A,Export!C242)>0,1,0) -> 1 | F242: =IF(COUNTIF(Sheet1!B:B,Export!D242)>0,Sheet1!F242,0) -> GHOST FLEET | G242: 74999 | H242: tanker | I242: BRB | J242: Hamriya Free Zone Port
A243: 46081 | B243: East→West | C243: 9299111 | D243: ELKA APOLLON | E243: =IF(COUNTIF(Sheet1!A:A,Export!C243)>0,1,0) -> 0 | F243: =IF(COUNTIF(Sheet1!B:B,Export!D243)>0,Sheet1!F243,0) -> 0 | G243: 101970 | H243: chemoil | I243: LBR | J243: Jebel Ali
... A486: 46079 | B486: East→West | C486: 9327138 | D486: SEA DELTA | E486: =IF(COUNTIF(Sheet1!A:A,Export!C486)>0,1,0) -> 0 | F486: =IF(COUNTIF(Sheet1!B:B,Export!D486)>0,Sheet1!F486,0) -> 0 | G486: 19774 | H486: chemical | I486: HKG | J486: Yanbu
A487: 46079 | B487: East→West | C487: 9329784 | D487: AL SOOR II | E487: =IF(COUNTIF(Sheet1!A:A,Export!C487)>0,1,0) -> 0 | F487: =IF(COUNTIF(Sheet1!B:B,Export!D487)>0,Sheet1!F487,0) -> 0 | G487: 69836 | H487: tanker | I487: KWT
A488: 46079 | B488: East→West | C488: 9334210 | D488: IDEMITSU MARU | E488: =IF(COUNTIF(Sheet1!A:A,Export!C488)>0,1,0) -> 0 | F488: =IF(COUNTIF(Sheet1!B:B,Export!D488)>0,Sheet1!F488,0) -> 0 | G488: 300433 | H488: tanker | I488: PAN | J488: Ras Tanura
A489: 46079 | B489: East→West | C489: 9343998 | D489: KOHZAN MARU V | E489: =IF(COUNTIF(Sheet1!A:A,Export!C489)>0,1,0) -> 0 | F489: =IF(COUNTIF(Sheet1!B:B,Export!D489)>0,Sheet1!F489,0) -> 0 | G489: 37784 | H489: chemoil | I489: PAN | J489: Jubail
A490: 46079 | B490: East→West | C490: 9363390 | D490: SSF LEO | E490: =IF(COUNTIF(Sheet1!A:A,Export!C490)>0,1,0) -> 0 | F490: =IF(COUNTIF(Sheet1!B:B,Export!D490)>0,Sheet1!F490,0) -> 0 | G490: 33423 | H490: liner | I490: VCT | J490: Hamad
A491: 46079 | B491: East→West | C491: 9363534 | D491: ROSAIRE A. DESGAGNES | E491: =IF(COUNTIF(Sheet1!A:A,Export!C491)>0,1,0) -> 0 | F491: =IF(COUNTIF(Sheet1!B:B,Export!D491)>0,Sheet1!F491,0) -> 0 | G491: 12776 | H491: mpp | I491: BRB | J491: Jebel Ali
A492: 46079 | B492: East→West | C492: 9380532 | D492: SEA LA DONNA | E492: =IF(COUNTIF(Sheet1!A:A,Export!C492)>0,1,0) -> 0 | F492: =IF(COUNTIF(Sheet1!B:B,Export!D492)>0,Sheet1!F492,0) -> 0 | G492: 47128 | H492: chemoil | I492: LBR | J492: Jebel Ali
A493: 46079 | B493: East→West | C493: 9392781 | D493: ZEZE START | E493: =IF(COUNTIF(Sheet1!A:A,Export!C493)>0,1,0) -> 0 | F493: =IF(COUNTIF(Sheet1!B:B,Export!D493)>0,Sheet1!F493,0) -> 0 | G493: 49999 | H493: chemoil | I493: MHL | J493: Ruwais
A494: 46079 | B494: East→West | C494: 9397157 | D494: AZUMASAN | E494: =IF(COUNTIF(Sheet1!A:A,Export!C494)>0,1,0) -> 0 | F494: =IF(COUNTIF(Sheet1!B:B,Export!D494)>0,Sheet1!F494,0) -> 0 | G494: 302068 | H494: tanker | I494: SGP | J494: Ras Tanura
A495: 46079 | B495: East→West | C495: 9405930 | D495: ARTMAN | E495: =IF(COUNTIF(Sheet1!A:A,Export!C495)>0,1,0) -> 0 | F495: =IF(COUNTIF(Sheet1!B:B,Export!D495)>0,Sheet1!F495,0) -> 0 | G495: 53457 | H495: dry | I495: IRN | J495: Bandar Abbas
A496: 46079 | B496: East→West | C496: 9415686 | D496: GREEN SANVI | E496: =IF(COUNTIF(Sheet1!A:A,Export!C496)>0,1,0) -> 0 | F496: =IF(COUNTIF(Sheet1!B:B,Export!D496)>0,Sheet1!F496,0) -> 0 | G496: 58811 | H496: lpg | I496: IND | J496: Ruwais
A497: 46079 | B497: East→West | C497: 9416082 | D497: SHAMROCK JUPITER | E497: =IF(COUNTIF(Sheet1!A:A,Export!C497)>0,1,0) -> 0 | F497: =IF(COUNTIF(Sheet1!B:B,Export!D497)>0,Sheet1!F497,0) -> 0 | G497: 19837 | H497: chemical | I497: PAN | J497: Jubail
A498: 46079 | B498: East→West | C498: 9424912 | D498: ONE MAJESTY | E498: =IF(COUNTIF(Sheet1!A:A,Export!C498)>0,1,0) -> 0 | F498: =IF(COUNTIF(Sheet1!B:B,Export!D498)>0,Sheet1!F498,0) -> 0 | G498: 79443 | H498: liner | I498: JPN | J498: Jebel Ali
A499: 46079 | B499: East→West | C499: 9427146 | D499: SHIVA | E499: =IF(COUNTIF(Sheet1!A:A,Export!C499)>0,1,0) -> 1 | F499: =IF(COUNTIF(Sheet1!B:B,Export!D499)>0,Sheet1!F499,0) -> SANCTIONED FLEET | G499: 12000 | H499: tanker | I499: BRB | J499: Khor Al Zubair
... A562: 46079 | B562: West→East | C562: 9402744 | D562: NEPTUNE LEADER | E562: =IF(COUNTIF(Sheet1!A:A,Export!C562)>0,1,0) -> 0 | F562: =IF(COUNTIF(Sheet1!B:B,Export!D562)>0,Sheet1!F562,0) -> 0 | G562: 12853 | H562: pctc | I562: PAN | J562: Hofu
A563: 46079 | B563: West→East | C563: 9404338 | D563: LUCKY SUNDAY | E563: =IF(COUNTIF(Sheet1!A:A,Export!C563)>0,1,0) -> 0 | F563: =IF(COUNTIF(Sheet1!B:B,Export!D563)>0,Sheet1!F563,0) -> 0 | G563: 80372 | H563: dry | I563: PAN
A564: 46079 | B564: West→East | C564: 9407823 | D564: MELTEMI | E564: =IF(COUNTIF(Sheet1!A:A,Export!C564)>0,1,0) -> 0 | F564: =IF(COUNTIF(Sheet1!B:B,Export!D564)>0,Sheet1!F564,0) -> 0 | G564: 73289 | H564: tanker | I564: LBR | J564: Fujairah
A565: 46079 | B565: West→East | C565: 9412086 | D565: SALI | E565: =IF(COUNTIF(Sheet1!A:A,Export!C565)>0,1,0) -> 0 | F565: =IF(COUNTIF(Sheet1!B:B,Export!D565)>0,Sheet1!F565,0) -> 0 | G565: 26634 | H565: lpg | I565: LBR | J565: Kandla (Deendayal Port)
A566: 46079 | B566: West→East | C566: 9416018 | D566: OSHAIRIJ | E566: =IF(COUNTIF(Sheet1!A:A,Export!C566)>0,1,0) -> 0 | F566: =IF(COUNTIF(Sheet1!B:B,Export!D566)>0,Sheet1!F566,0) -> 0 | G566: 12529 | H566: liner | I566: QAT | J566: Fujairah
A567: 46079 | B567: West→East | C567: 9419008 | D567: ST. SOFIA | E567: =IF(COUNTIF(Sheet1!A:A,Export!C567)>0,1,0) -> 0 | F567: =IF(COUNTIF(Sheet1!B:B,Export!D567)>0,Sheet1!F567,0) -> 0 | G567: 16576 | H567: mpp | I567: LBR | J567: Suez
A568: 46079 | B568: West→East | C568: 9423035 | D568: NORDIA | E568: =IF(COUNTIF(Sheet1!A:A,Export!C568)>0,1,0) -> 0 | F568: =IF(COUNTIF(Sheet1!B:B,Export!D568)>0,Sheet1!F568,0) -> 0 | G568: 42454 | H568: liner | I568: ATG | J568: Dar es Salaam
A569: 46079 | B569: West→East | C569: 9438195 | D569: MARINE XENA | E569: =IF(COUNTIF(Sheet1!A:A,Export!C569)>0,1,0) -> 0 | F569: =IF(COUNTIF(Sheet1!B:B,Export!D569)>0,Sheet1!F569,0) -> 0 | G569: 6981 | H569: tanker | I569: SGP | J569: Fujairah
A570: 46079 | B570: West→East | C570: 9439735 | D570: MSC LANGSAR | E570: =IF(COUNTIF(Sheet1!A:A,Export!C570)>0,1,0) -> 0 | F570: =IF(COUNTIF(Sheet1!B:B,Export!D570)>0,Sheet1!F570,0) -> 0 | G570: 50595 | H570: liner | I570: LBR | J570: Colombo
A571: 46079 | B571: West→East | C571: 9440289 | D571: BITUMEN PRINCESS 2 | E571: =IF(COUNTIF(Sheet1!A:A,Export!C571)>0,1,0) -> 0 | F571: =IF(COUNTIF(Sheet1!B:B,Export!D571)>0,Sheet1!F571,0) -> 0 | G571: 4999 | H571: tanker | I571: PLW | J571: Khor Fakkan
A572: 46079 | B572: West→East | C572: 9442378 | D572: PANAMANIAN | E572: =IF(COUNTIF(Sheet1!A:A,Export!C572)>0,1,0) -> 0 | F572: =IF(COUNTIF(Sheet1!B:B,Export!D572)>0,Sheet1!F572,0) -> 0 | G572: 83448 | H572: dry | I572: MHL | J572: Khor Fakkan
...

Sheet Sheet1
A1: IMO | B1: Vessel Name | C1: Dwt | D1: Vessel SubType | E1: Built | F1: Status
A2: 9247182 | B2: ABIE | C2: 302986 | D2: Crude Oil Tanker | E2: 2002 | F2: GHOST FLEET
A3: 9422964 | B3: ABRAU | C3: 3791 | D3: Bunkering Tanker | E3: 2007 | F3: DARK FLEET
A4: 9247388 | B4: ABROS | C4: 24086 | D4: Chem/Oil Products Tanker | E4: 2004 | F4: SANCTIONED FLEET
A5: 9368223 | B5: ACHILLES | C5: 108953 | D5: Oil Products Tanker | E5: 2008 | F5: SANCTIONED FLEET
A6: 9231767 | B6: ADALYNN | C6: 164551 | D6: Crude Oil Tanker | E6: 2002 | F6: GHOST FLEET
A7: 9234666 | B7: ADELINE G | C7: 317972 | D7: Crude Oil Tanker | E7: 2003 | F7: SANCTIONED FLEET
A8: 9254862 | B8: ADENA | C8: 70146 | D8: Oil Products Tanker | E8: 2003 | F8: SANCTIONED FLEET
A9: 9353125 | B9: ADHARA | C9: 37296 | D9: Chem/Oil Products Tanker | E9: 2008 | F9: SANCTIONED FLEET
A10: 9203784 | B10: ADITYA | C10: 160373 | D10: Crude Oil Tanker | E10: 2000 | F10: SANCTIONED FLEET
A11: 9323314 | B11: ADITYA | C11: 52622 | D11: Chem/Oil Products Tanker | E11: 2006 | F11: SANCTIONED FLEET
A12: 9274446 | B12: ADMIRAL | C12: 159083 | D12: Crude Oil Tanker | E12: 2004 | F12: SANCTIONED FLEET
A13: 9275660 | B13: AEGIS | C13: 69999 | D13: Crude Oil Tanker | E13: 2004 | F13: SANCTIONED FLEET
... A1612: 9908994 | B1612: ZVEZDA DSME 131080 | C1612: 113849 | D1612: Crude Oil Tanker | E1612: 2026 | F1612: SANCTIONED FLEET
